
> dsh-mattpocock-skills-deck@1.7.27 verify
> node tests/verify-596-rpc-carrier.js && node tests/verify-prompt-newlines.js && node tests/verify-issue-body-script.js && node tests/verify-wire-subissues-script.js && node tests/verify-prompts.js && node tests/verify-progress.js && node tests/verify-build-artifacts.js && node tests/verify-label-color-freshness.js && node tests/verify-label-color-core.js && node tests/verify-update-freshness.js && node tests/verify-update-panel.js && node tests/verify-update-install.js && node tests/verify-update-mirror-hint.js && node tests/verify-update-routes.js && node tests/verify-update-regression.js && node tests/verify-update-migration.js && node tests/verify-587-update-restart.js && node tests/verify-587-update-live.js && node tests/verify-naming-guardian.js && node tests/verify-newsession-blank-seed-315.js && node tests/verify-newsession-preset-guard.js && node tests/verify-newsession-workspace-fallback.js && node tests/verify-workspace-id-tolerant.js && node tests/verify-t3-locale.js && node tests/verify-655-setup-layout.js && node tests/verify-skill-tooltip.js && node tests/verify-bug-entry.js && node tests/verify-takeable-menu.js && node tests/verify-no-repo-redcard.js && node tests/verify-kernel.js && node tests/verify-leaves.js && node tests/verify-ctx.js && node tests/verify-parse-leaf.js && node tests/verify-tabsfold-leaf.js && node tests/verify-platform-contract.js && node tests/verify-platform-linux.js && node tests/verify-dirwritable.js && node tests/verify-tracker-contract.js && node tests/verify-labels-sync.js && node tests/verify-repo-jump.js && node tests/verify-repo-switch-chip.js && node tests/verify-setup-describe.js && node tests/verify-client-hardcode-gate.js && node tests/verify-issue232-sync.js && node tests/verify-locale-completeness.js && node tests/verify-626-type-chip.js && node tests/verify-3-workspace-switch.js && node tests/verify-panel-workspace-shared.js && node tests/verify-panel-workspace-isolation.js && node tests/verify-no-cross-import.js && node tests/verify-no-mixed-session.js && node tests/verify-multilevel-cache.js && node tests/verify-mapdetail-fields.js && node tests/verify-nav-stack.js && node tests/verify-map-drill.js && node tests/verify-matt-skills-sync.js && node tests/verify-release-template.js && node tests/verify-release-contract.js && node tests/verify-market-tarball.js && node tests/verify-bundled-skills.js && node tests/verify-bundled-discovery.js && node tests/verify-bundled-trio-matrix.js && node tests/verify-statusbar-filter-reset.js && node tests/verify-reuse.js && node tests/verify-hovertip.js && node tests/verify-no-title.js && node tests/verify-423-title-clamp.js && node tests/verify-423-title-clamp-browser.js && node tests/verify-capsule-narrow.js && node tests/verify-640-dock-width-browser.js && node tests/verify-success-failure-contract.js && node tests/verify-file-granularity.js && node tests/verify-no-same-layer-import.js && node tests/verify-markdown-backend.js && node tests/verify-markdown-label-colors.js && node tests/verify-github-label-colors.js && node tests/verify-strict-module-syntax.js && node tests/verify-t1-initpublish.js && node tests/verify-log-store.js && node tests/verify-log-client.js && node tests/verify-log-switch-526.js && node tests/verify-log-switch-597.js && node tests/verify-log-fields.js && node tests/verify-log-guards.js && node tests/verify-log-truncate.js && node tests/verify-log-flush.js && node tests/verify-log-scrub.js && node tests/verify-log-count.js && node tests/verify-log-channel.js && node tests/verify-log-selfmon.js && node tests/verify-log-artifacts.js && node tests/verify-generated-no-shadow.js && node tests/verify-log-statusbar.js && node tests/verify-log-coverage.js && node tests/verify-497-slash.js && node tests/verify-507-pr-offline.js && node tests/verify-config-defaults.js && node tests/verify-issue527-ws-overview.js && node tests/verify-issue529-checks-i18n.js && node tests/verify-530-pr-tab.js && node tests/verify-544-standalone-blocked.js && node tests/verify-snapshot-cache-first.js && node tests/verify-index-window.js && node tests/verify-589-list-dedupe.js && node tests/verify-multi-effort.js && node tests/verify-multi-effort-panel.js && node tests/verify-646-native-tab.js && node tests/verify-670-panel-first-frame.js && node tests/verify-599-merged-pr.js && node tests/verify-log-exec-606.js && node tests/verify-wizard-exit-609.js && node tests/verify-653-subworkspace.js && node tests/verify-656-subworkspace-acceptance.js && node tests/verify-696-shared-cache.js && node tests/verify-t1-getrepokey.js && node tests/verify-666-subws-mark-root.js && node tests/verify-668-guide-steps-single-source.js && node tests/verify-663-banner-chain.js && node tests/verify-663-gh-install-inject.js && node tests/verify-671-modal-global-overlay.js && node tests/verify-client-no-undef.js && node tests/verify-669-chain-after-pick.js && node tests/verify-669-collapsed-recoverable.js && node tests/verify-669-switch-visible.js && node tests/verify-669-choice-precedence.js && node tests/verify-665-fresh-workspace-chain.js && node tests/verify-issue195.js && node tests/verify-496b-inject-guard.js && node tests/verify-667-dock-header-no-brand.js && node tests/verify-683-choice-store.js && node tests/verify-683-mirror-write.js && node tests/verify-683-choice-rev.js && node tests/verify-683-host-wiring.js && node tests/verify-685-healthcheck-button.js && node tests/verify-693-detail-fallback-honesty.js && node tests/verify-689-counts-ui.js

node.exe : (node:38588) [MODULE_TYPELESS_PACKAGE_JSON] Warning: Module type of file:///D:/dsh-plugin/dsh-mattpocock-ski
lls-deck/tests/verify-596-rpc-carrier.js is not specified and it doesn't parse as CommonJS.
At line:1 char:1
+ & "D:\2Study\nodejs/node.exe" "D:\2Study\nodejs/node_modules/npm/bin/ ...
+ ~~~~~~~~~~~~~~~~~~~~~~~~~~~~~~~~~~~~~~~~~~~~~~~~~~~~~~~~~~~~~~~~~~~~~
    + CategoryInfo          : NotSpecified: ((node:38588) [M...se as CommonJS.:String) [], RemoteException
    + FullyQualifiedErrorId : NativeCommandError
 
Reparsing as ES module because module syntax was detected. This incurs a performance overhead.
To eliminate this warning, add "type": "module" to \\?\D:\dsh-plugin\dsh-mattpocock-skills-deck\package.json.
(Use `node --trace-warnings ...` to show where the warning was created)
  PASS npm run verify 链已纳入本门禁
  PASS seam/rpc.js 声明了载体通道名（CARRIER_CHANNEL）
  PASS seam/rpc.js 声明了载体端点名（CARRIER_ENDPOINT）
  PASS build.mjs 的 pkg shim 声明了 CARRIER_CHANNEL
  PASS build.mjs 的 pkg shim 声明了 CARRIER_ENDPOINT
  PASS seam/rpc.js 里能找到 conn.rpc.call 的通道与端点实参
  PASS seam 的 rpc.call 第一参用 CARRIER_CHANNEL（实得 CARRIER_CHANNEL）
  PASS seam 的 rpc.call 第二参用 CARRIER_ENDPOINT（实得 CARRIER_ENDPOINT）
  PASS build.mjs 的 pkg shim 里能找到 conn.rpc.call 的通道与端点实参
  PASS pkg shim 的 rpc.call 第一参用 CARRIER_CHANNEL（实得 CARRIER_CHANNEL）
  PASS pkg shim 的 rpc.call 第二参用 CARRIER_ENDPOINT（实得 CARRIER_ENDPOINT）
  PASS seam/rpc.js 不再用 '/dsws' 当通道名
  PASS build.mjs 的 pkg shim 不再用 '/dsws' 当通道名
  PASS 载体端点名不是旧的 '/dsws'（实得 'dsws'）
  PASS 两份真源通道名一致（seam='/api' pkg='/api'）
  PASS 两份真源端点名一致（seam='dsws' pkg='dsws'）
  PASS rpcChannel.js 声明了通道名（DSW_RPC_CHANNEL）
  PASS rpcChannel.js 里注册路径 = '/api' + '/' + 通道名（与 DSH 拼法同源）
  PASS 客户端端点名与宿主通道名同为 'dsws'（客户端实得 'dsws'）
  PASS 客户端会请求 /api/dsws，宿主注册 /api/dsws —— 两者必须一致
  PASS rpcChannel.createRpcChannel 走 connection.fetch.register 注册了路由
  PASS 注册路径 = /api/dsws
  PASS 注册方法 = ["POST"]
  PASS requestBody = buffered
  PASS 注册结果 ok=true（失败记账路径没被走到）
  分发回包: {"type":"server-response","rpcId":"verify-596","result":{"ok":true,"value":{"ok":true,"echoed":{"hello":"世界"},"tag":"handler"}}}
  PASS 回包是 server-response 信封且 rpcId 原样回带
  PASS 已注册端点分发成功
  PASS handler 收到客户端原始入参（未被外层包装污染）
  PASS handler 原始返回装在 result.value
  PASS 未知端点返回失败信封
  PASS 请求体缺 {method,payload} → 拒绝
  PASS 请求路径不在本通道上 → 拒绝
  PASS 端点名不合规 → 拒绝
  PASS 非 POST 回 405（实得 405）

#596 载体门禁全部通过
OK   ALLOWED_LITERAL_BSN 与钉死的教学片段清单一致（4 条 / 指纹 694a1d116d799ec7）
OK   src/client/kernel/prompts.js（22 条模板 × zh/en）
OK   client.js（22 条模板 × zh/en）
OK   package/lib/client.js（22 条模板 × zh/en）
OK   D:\dsh-plugin\dsh-mattpocock-skills-deck\src\host\tracker\backends\github\index.js zh/en 字面量（含换行的 当前仓库无法通过 GitHub API 访问（g…）
OK   D:\dsh-plugin\dsh-mattpocock-skills-deck\src\host\tracker\backends\github\index.js zh/en 字面量（含换行的 The repository is not re…）
OK   D:\dsh-plugin\dsh-mattpocock-skills-deck\src\host\tracker\backends\github\index.js zh/en 字面量（含换行的 **游离的开放票**在这条后端上的落地口径：这张…）
OK   D:\dsh-plugin\dsh-mattpocock-skills-deck\src\host\tracker\backends\github\index.js zh/en 字面量（含换行的 **How "orphaned open tic…）
OK   D:\dsh-plugin\dsh-mattpocock-skills-deck\src\host\tracker\backends\github\index.js zh/en 字面量（含换行的 ## 正文格式（写/改 issue 正文时必须遵…）
OK   D:\dsh-plugin\dsh-mattpocock-skills-deck\src\host\tracker\backends\github\index.js zh/en 字面量（含换行的 ## Body format (mandator…）
OK   D:\dsh-plugin\dsh-mattpocock-skills-deck\src\host\tracker\backends\gitlab\index.js zh/en 字面量（含换行的 请为 DSH 安装 GitLab CLI（gla…）
OK   D:\dsh-plugin\dsh-mattpocock-skills-deck\src\host\tracker\backends\gitlab\index.js zh/en 字面量（含换行的 Install the GitLab CLI (…）
OK   D:\dsh-plugin\dsh-mattpocock-skills-deck\src\host\tracker\backends\gitlab\index.js zh/en 字面量（含换行的 当前工作区未解析出 GitLab 仓库（glab…）
OK   D:\dsh-plugin\dsh-mattpocock-skills-deck\src\host\tracker\backends\gitlab\index.js zh/en 字面量（含换行的 **游离的开放票**在这条后端上的落地口径：这张…）
OK   D:\dsh-plugin\dsh-mattpocock-skills-deck\src\host\tracker\backends\gitlab\index.js zh/en 字面量（含换行的 **How "orphaned open tic…）
OK   D:\dsh-plugin\dsh-mattpocock-skills-deck\src\host\tracker\backends\gitlab\index.js zh/en 字面量（含换行的 ## 正文格式（写/改 issue 正文时必须遵…）
OK   D:\dsh-plugin\dsh-mattpocock-skills-deck\src\host\tracker\backends\gitlab\index.js zh/en 字面量（含换行的 ## Body format (mandator…）
OK   D:\dsh-plugin\dsh-mattpocock-skills-deck\src\host\tracker\backends\markdown\index.js zh/en 字面量（含换行的 **本后端的票就是工作区里的文件**（每个工作单…）
OK   D:\dsh-plugin\dsh-mattpocock-skills-deck\src\host\tracker\backends\markdown\index.js zh/en 字面量（含换行的 **On this backend a tick…）
OK   D:\dsh-plugin\dsh-mattpocock-skills-deck\src\host\tracker\backends\markdown\index.js zh/en 字面量（含换行的 ## 正文格式（写/改 issue 正文时必须遵…）
OK   D:\dsh-plugin\dsh-mattpocock-skills-deck\src\host\tracker\backends\markdown\index.js zh/en 字面量（含换行的 ## Body format (mandator…）
OK   白名单 4 条教学片段都在当前文本里找得到
PASS
正文写回脚本门禁（#571 · 命令行黑盒）
  PASS 1.1 正常正文：退出码 0 且 ok=true
  PASS 1.2 正常正文：校正后逐字不变（不误伤）
  PASS 1.3 正常正文：无格式告警
  PASS 1.4 回包命令含 --body-file（正文走文件）
  PASS 1.5 回包命令不出现内联 --body（禁内联正文）
  PASS 1.6 不适用字段保持 null（与关联脚本同形）
  PASS 1.7 演练模式在回包里标出来
  PASS 2.1 开头不可见字符被剥掉
  PASS 2.2 回包说清剥掉了不可见字符
  PASS 3.1 字面转义还原成真实换行
  PASS 3.2 回包说清还原了几处
  PASS 3.3 还原后仍缺空行时给出告警
  PASS 4.1 真实换行够多时字面转义原样保留（不误伤）
  PASS 5.1 标题没独占一行：不改写原文
  PASS 5.2 标题没独占一行：给出告警
  PASS 5.3 标题后没留空行：给出告警
  PASS 5.4 代码围栏内的写法不误报
  PASS 5.5 行内代码里的写法不误报
  PASS 6.1 CRLF 正文按原样保留（按行切分兼容两种换行）
  PASS 6.2 CRLF 正文不误报格式告警
  PASS 7.1 缺 --body-file：退出码 2 且 ok=false
  PASS 7.2 缺 --body-file：错误话里说清缺什么
  PASS 7.3 缺 --issue：退出码 2
  PASS 7.4 --issue 非数字：退出码 2
  PASS 7.5 正文文件不存在：退出码 2 并说清
  PASS 7.6 --help 退出码 0 且打印用法
  PASS 8.1 本地 Markdown 工作区：拒绝并指明直接改文件
  PASS 8.2 GitLab 工作区：拒绝并指明待第二批
  PASS 8.3 没有主锚文件：拒绝并指明怎么认后端
  PASS 8b.1 子目录里跑能认得出后端并跑通（实得 exit=0 / ""）
  PASS 8b.2 子目录里跑出来的正文与在根上跑逐字一致
  PASS 8b.2b 每条 gh 命令都在工作区根那一层跑（不是在子目录里；实得 ["C:\\Users\\辰辰洋洋\\AppData\\Local\\Temp\\verify-issue-body-tn58l8\\ws-github","C:\\Users\\辰辰洋洋\\AppData\\Local\\Temp\\verify-issue-body-tn58l8\\ws-github"]）
  PASS 8b.3 子目录自带 .git 时停在自己那一层（认到自己的 GitLab，不被外层 GitHub 吞掉）
  PASS 8b.4 一个标记都没有：退出码 2 且 ok=false
  PASS 8b.5 话里给出退路「请到工作区根目录去跑这条命令」
  PASS 8b.6 话里仍点出主锚文件是哪一份（认出后端靠它）
  PASS 8b.7 话里与回包 error 里都不出现本地绝对路径
  PASS 8b.8 找到了根但根上没有主锚文件：说清是「还没初始化」并给出出路
  PASS 8b.9 这条出路里也不出现本地绝对路径
  PASS 8b.10 主锚文件在但没有认得出的后端标记：说清该把首行写成什么
  PASS 9.1 写回失败：退出码 1 且 ok=false
  PASS 9.2 失败自动重试一次（issue edit 共调 2 次）
  PASS 9.3 还失败就在该票下留评论（commented=true）
  PASS 9.4 失败评论含脚本名、参数与失败原因
  PASS 9.5 连评论也留不上：commented=false 且仍非零退出
  PASS 9.6 已经是目标状态：直接返回且 changed 为空
  PASS 9.7 已经是目标状态：不再发写回请求（可重复跑）
  PASS 10.1 校正结果与真源 normalizeBody 逐字一致（7/7）
  PASS 11.1 npm run verify 链已纳入本门禁
PASS
子议题关联脚本门禁（#572 · 命令行黑盒）
  PASS 1.1 正常补齐：退出码 0 且 ok=true
  PASS 1.2 expected=2 / actual=2
  PASS 1.3 edge=true（子议题边与声明的阻塞边都到位）
  PASS 1.4 changed 逐条对得上（正文、两张子票、一条阻塞边）
  PASS 1.5 命令序列与预期逐条相同（先读、写、读回校验、再读回核对）：view-body:567 → api-sub-list:paginate → view-child:571 → view-edges:571 → view-child:572 → view-edges:572 → edit-body:567 → view-body:567 → edit-parent:571:567 → edit-parent:572:567 → edit-block:572:570 → api-sub-list:paginate → view-edges:572
  PASS 1.6 原生旗可用时不发裸接口
  PASS 1.7 状态里两张子票都挂上了
  PASS 1.8 状态里阻塞边升格成功
  PASS 1.9 地图正文按文件内容写回
  PASS 2.1 已是目标状态：退出码 0 且 ok=true
  PASS 2.2 已是目标状态：changed 为空
  PASS 2.3 已是目标状态：edge/expected/actual 仍然如实
  PASS 2.4 已是目标状态：不再发任何写请求（可重复跑）
  PASS 2.5 已是目标状态：只发这 6 次读，连校验用的重复读都不发：view-body:567 → api-sub-list:paginate → view-child:571 → view-edges:571 → view-child:572 → view-edges:572
  PASS 3.1 第一次跑有改动
  PASS 3.2 第二次跑 changed 为空
  PASS 3.3 第二次跑零写请求
  PASS 4.1 演练：退出码 0、dryRun=true、ok=true
  PASS 4.2 演练回包带将要写入的地图正文
  PASS 4.3 演练回包的命令逐条对得上（正文写回 + 两张子票挂父）
  PASS 4.4 演练一个 gh 请求都不发（不联网）
  PASS 4.5 演练不联网时 edge/actual 是 null（未取）
  PASS 4.6 warnings 说明演练列不出阻塞边（阻塞边要联网读子票正文）
  PASS 4.7 演练不改任何东西
  PASS 5.1 数量对不上：退出码 1 且 ok=false
  PASS 5.2 expected=2 / actual=1
  PASS 5.3 建边命令自己返回成功时不重试
  PASS 5.4 数量对不上时留了失败评论
  PASS 5.5 评论落在缺边的那张子票下（不是地图下）
  PASS 6.1 重试一次后成功：退出码 0 且 ok=true
  PASS 6.2 同一建边命令调了 2 次（重试一次）
  PASS 6.3 人话里说明「重试一次后成功」
  PASS 7.1 两次都失败：退出码 1 且留了评论
  PASS 7.2 评论落在失败的那张子票下
  PASS 7.3 评论首行是固定格式的失败留痕锚
  PASS 7.4 评论里带脚本名
  PASS 7.5 评论里带参数
  PASS 7.6 评论里带失败原因原文
  PASS 7.7 评论里只写正文文件名（weird`name$(x).md）
  PASS 7.8 评论里不出现本地绝对路径
  PASS 7.9 文件名里的反引号不会把行内代码截断（改用双反引号定界）
  PASS 7.10 stderr 与回包 error 里也不出现本地绝对路径
  PASS 7.11 连评论也留不上：commented=false 且仍非零退出
  PASS 8.1 声明的阻塞边全部升格成功
  PASS 8.2 第一条阻塞边用 --add-blocked-by
  PASS 8.3 第二条阻塞边用 --add-blocked-by
  PASS 8.4 原生旗可用时不发裸接口
  PASS 8.5 两条边都建上了
  PASS 9.1 首行没有声明时照常跑通
  PASS 9.2 正文别处的 Blocked by: 不建边
  PASS 9.3 状态里没有多出来的边
  PASS 9.4 warnings 点名正文别处的声明被忽略
  PASS 9.5 首行声明照建、别处声明仍不建
  PASS 9.6 仍然告警点出别处的声明
  PASS 9.7 声明只在正文尾部（首行不是声明）时也不建边
  PASS 9.8 仍然告警点出尾部的声明被忽略
  PASS 10.1 --parent 旗不可用时仍能挂上（回退裸接口）
  PASS 10.2 裸接口建子议题边，且用 -F 传数据库编号
  PASS 10.3 --add-blocked-by 旗不可用时仍能建边（回退裸接口）
  PASS 10.4 裸接口建阻塞边，且用 -F 传数据库编号
  PASS 11.1 降级成功：退出码 0 且 ok=true
  PASS 11.2 降级时 edge=false（原生边没建上）
  PASS 11.3 warnings 说明降级原因
  PASS 11.4 changed 如实记录降级
  PASS 11.5 子票正文首部的文字行就是降级终态（声明源与降级目标同一行）
  PASS 11.6 文字行已在首部就不重复写子票正文（幂等）
  PASS 11.7 裸接口 404 时也降级（edge=false、仍 ok）
  PASS 11.8 404 降级也如实记进 changed
  PASS 12.1 已有别的阻塞边时照样跑通
  PASS 12.2 只补缺的那条边，没有删除类命令、也没有多余的写：view-body:567 → api-sub-list:paginate → view-child:572 → view-edges:572 → edit-block:572:570 → api-sub-list:paginate → view-edges:572
  PASS 12.3 既有边保留、缺的边补上
  PASS 12.4 不写子票正文（不清理历史文字行）
  PASS 13.1 参数与输入校验共 11 条全部退出 2 并说清（实际 11）
  PASS 13.2 参数错误时一个 gh 请求都不发（命令根本没执行）
  PASS 14.1 6 种「看起来像地图正文」的子票正文都被拒绝（实际 6/6）
  PASS 14.2 拒绝时一个 gh 请求都不发
  PASS 14.3 首行 Destination + 一个规范章节 → 正常放行（防过度收紧）
  PASS 14.4 正例的正文确实写回了地图
  PASS 15.1 不存在的子票：退出码 2（输入不对，命令根本没执行）
  PASS 15.2 话里点名是哪张票读不到
  PASS 15.3 不存在的子票不会建出任何边
  PASS 15.4 已挂在别的地图下的子票：拒绝改挂
  PASS 15.5 拒绝改挂时不写任何东西
  PASS 15.6 原父关系没被破坏
  PASS 16.1 本地 Markdown 工作区：拒绝并指明直接改文件
  PASS 16.2 GitLab 工作区：拒绝并指明待第二批
  PASS 16.3 没有主锚文件：拒绝并指明怎么认后端
  PASS 17.1 --children 去重后 expected=2（传了 3 个、其中 1 个重复）
  PASS 17.2 重复的票号只处理一次
  PASS 17.3 地图含名单外子票时照样通过（不假红）
  PASS 17.4 actual 只数 --children 里的（2），不是地图总数（3）
  PASS 17.5 warnings 说明地图总数 3、本次只校验 2 张
  PASS 17.5b 已是目标状态时也走直接返回
  PASS 17.5c 直接返回那条路也要给出总数告警
  PASS 17.5d warnings 里没有重复条目
  PASS 17.6 101 张子票不假红（退出 0）
  PASS 17.7 101 张都数到了（翻页读全）
  PASS 17.8 101 张都在位时零写请求
  PASS 18.1 姊妹脚本回包可解析（作为同形的基准）
  PASS 18.2 演练回包字段集合与姊妹脚本逐字相同：actual,body,changed,command,commented,dryRun,edge,expected,ok,warnings
  PASS 18.3 真跑回包字段集合 = 姊妹脚本字段去掉演练专属两项：actual,changed,commented,dryRun,edge,expected,ok,warnings
  PASS 18.4 六字段类型正确（changed 数组 / edge 布尔 / expected、actual 整数 / commented、ok 布尔）
  PASS 18.5 stdout 恰好一行 JSON
  PASS 19.x 读地图正文失败：退出 1、评论落在 #567、原因点题
  PASS 19.x 读子议题列表失败：退出 1、评论落在 #567、原因点题
  PASS 19.x 读子票失败（网络类）：退出 1、评论落在 #567、原因点题
  PASS 19.x 读现有阻塞边失败：退出 1、评论落在 #571、原因点题
  PASS 19.x 写地图正文失败：退出 1、评论落在 #567、原因点题
  PASS 19.x 正文写回后读回不一致：退出 1、评论落在 #567、原因点题
  PASS 19.x 挂子议题边失败：退出 1、评论落在 #572、原因点题
  PASS 19.x 建阻塞边失败（非不支持）：退出 1、评论落在 #572、原因点题
  PASS 19.x 校验时读回列表失败：退出 1、评论落在 #567、原因点题
  PASS 19.10 降级时不写子票正文（首部文字行就是终态）
  PASS 19.11 校验时读阻塞边失败：仍 ok、edge=false
  PASS 19.12 warnings 说明校验时读不到那条边
  PASS 20.1 传 --repo 时照常跑通
  PASS 20.2 每条 issue 命令都带 --repo FeatherHunter/dsh-mattpocock-skills-deck
  PASS 20.3 每条 api 路径都写成 repos/FeatherHunter/dsh-mattpocock-skills-deck/...（不再用 {owner}/{repo} 占位符）
  PASS 21.1 npm run verify 链已纳入本门禁
  PASS 21.2 本门禁紧跟姊妹门禁 tests/verify-issue-body-script.js 之后
  PASS 22.1 子目录里跑能认得出后端并跑通（实得 exit=0 / ""）
  PASS 22.2 每条 gh 命令都在工作区根那一层跑（不是在子目录里；实得 ["C:\\Users\\辰辰洋洋\\AppData\\Local\\Temp\\verify-wire-subissues-0DOmp8\\ws-github","C:\\Users\\辰辰洋洋\\AppData\\Local\\Temp\\verify-wire-subissues-0DOmp8\\ws-github","C:\\Users\\辰辰洋洋\\AppData\\Local\\Temp\\verify-wire-subissues-0DOmp8\\ws-github","C:\\Users\\辰辰洋洋\\AppData\\Local\\Temp\\verify-wire-subissues-0DOmp8\\ws-github","C:\\Users\\辰辰洋洋\\AppData\\Local\\Temp\\verify-wire-subissues-0DOmp8\\ws-github","C:\\Users\\辰辰洋洋\\AppData\\Local\\Temp\\verify-wire-subissues-0DOmp8\\ws-github"]）
  PASS 22.3 子目录自带 .git 时停在自己那一层（认到自己的 GitLab，不被外层 GitHub 吞掉）
  PASS 22.4 一个标记都没有：退出码 2 且 ok=false
  PASS 22.5 话里给出退路「请到工作区根目录去跑这条命令」
  PASS 22.6 话里点出主锚文件、但不写本地绝对路径
  PASS 22.7 认不出后端时一个 gh 请求都不发
  PASS 22.8 找到了根但根上没有主锚文件：说清是「还没初始化」并给出出路
  PASS 22.9 两种情况的话里都不出现本地绝对路径
  PASS 22.10 主锚文件在但没有认得出的后端标记：说清该把首行写成什么
PASS
P1: prompt 注册表契约（#573 五面扫描 + 外部豁免登记 + 归一化 + #603 判据 R1–R8）
  PASS 夹具自锁（豁免登记表 / payload 夹具 / 门禁自身，sha256 三个都对上）
  PASS #603 渲染面（11 条目 × zh/en × 三后端：github 渲染出 gh 直连的 {subIssue} 与无命令的正文格式块，Markdown/GitLab 渲染出各自的后端版；渲染结果无 undefined、无残留占位符、无「先解析插件目录再调脚本」的间接写法）+ completePrompt 真实调用形态 + 提示词零脚本引用 + 发布包仍带两条脚本 + 生成物 sha256 一致
  PASS 面 S1 src/client/kernel/prompts.js（22 条注册表，扫描 22 条；含占位符 18 条走渲染面）+ 契约断言 + 跨门禁一致性 + github 后端注入链（gh 直连三步 + 原生阻塞边）
  PASS 面 S2 client.js（22 条，与 S1 逐字段一致）
  PASS 面 S2 package/lib/client.js（22 条，与 S1 逐字段一致）
  PASS 面 S3 src/host/tracker/backends/github/index.js（7 键 / 42 个字面量，含拼接续段）
  PASS 面 S3 src/host/tracker/backends/gitlab/index.js（6 键 / 12 个字面量，含拼接续段）
  PASS 面 S3 src/host/tracker/backends/markdown/index.js（4 键 / 8 个字面量，含拼接续段）
  PASS 面 S8 client.js（产物注册表 22 条 × zh/en/use 过 judge()：零 gh/glab 命令形状）
  PASS 面 S8 package\lib\client.js（产物注册表 22 条 × zh/en/use 过 judge()：零 gh/glab 命令形状）
  PASS 豁免登记表（形状 / 存在性 / 完备性 / 数量 / 逐面 rule 集合硬编码比对 / 7 条必须受判 / 受保护清单全量 36 条 / 与登记文件相等 / 变异自检逐条）
  PASS L1 夹具自证（绕过 67 条全红 / 误报 26 条全绿 / 范围·解析·渲染·反隐藏四类各 1 条）
  PASS L2 机械注入（14 条 payload 从 tests/prompt-gate-payloads.json 读，逐条注入临时副本 → 退出码 1 且点名 id 与规则）
  PASS L3 扫描面完整性
  PASS 自注册（verify 链含 verify-prompts.js + verify-progress.js）
S1=22 S2=22/22 S3=7/6/4 S4=0 S6=99 S7=62 S8=66/66 EXEMPT=10

全部通过
  PASS host 含 parseProgress 定义
  PASS parseProgress("## 进度：90%\n下一步：x") = 90（期望 90）
  PASS parseProgress("## 进度: 100%") = 100（期望 100）
  PASS parseProgress("正文\n进度：5%") = 5（期望 5）
  PASS parseProgress("## 进度：120%") = 100（期望 100）
  PASS parseProgress("## 进度：abc%") = null（期望 null）
  PASS parseProgress("无进度内容") = null（期望 null）
  PASS parseProgress("## 进度：0%") = 0（期望 0）
  PASS parseProgress("## 进度：95%") = 95（期望 95）
  PASS parseProgress("## 已对齐决定\n3. 每张新票写 ## 进度：0% 基准。\n## 进度：90%") = 90（期望 90）
  PASS parseProgress("## 待 grill 点\n- 宽容：## 进度：90% 主格式\n## 进度：95%") = 95（期望 95）
  PASS parseProgress("Progress: 40%") = 40（期望 40）
  PASS host 含 normalizeBody 定义（T16）
  PASS normalizeBody 剥 BOM
  PASS normalizeBody 字面 \n 还原为真实换行
  PASS normalizeBody 不再含字面 \\n
  PASS normalizeBody 不误伤正常正文
  PASS normalizeBody 空串安全
  PASS host 含 parseMapBody 定义（T16 端到端）
  PASS parseMapBody 端到端恢复 Destination（BOM+字面 \n · #445 场景）
  PASS parseMapBody 端到端恢复 Notes（#445 场景）
  PASS host mapTicket 带 progress
  PASS package index mapTicket 带 progress
  PASS package index 含 parseProgress
  PASS host frag 子票查询含 body（fetchMapsDetail）
  PASS package index frag 子票查询含 body
  PASS host mapTicket 带 progress（重复守卫）
  PASS host 含 normalizeBody（重复守卫）
  PASS package index 含 normalizeBody
  PASS host parseMapBody 经 normalizeBody 接线（双源）
  PASS package index parseMapBody 经 normalizeBody 接线（双源）
  PASS client 含 tProgressBar
  PASS client 含 tStatusBadge
  PASS package client 含 tProgressBar
  PASS package client 含 tStatusBadge
  PASS client 含进度 locale 键
  PASS package client 含进度 locale 键
  PASS client 渲染点存在
  PASS package client 渲染点存在
  PASS client tStatus 0% → todo（B4）
  PASS package client tStatus 0% → todo（B4）
  PASS host parseProgress 标题行锚定（B4）
  PASS package parseProgress 标题行锚定（B4）
  PASS client 含 bodyFormat prompt
  PASS package client 含 bodyFormat prompt
  PASS client 含 BODY_FORMAT 常量
  PASS package client 含 BODY_FORMAT 常量
  PASS client BODY_FORMAT(st) 追加点 ×2（newWayfinder + newBugWayfinder；mapExecute/complete 均已自包含内嵌正文格式标记）
  PASS package client BODY_FORMAT(st) 追加点 ×2（newWayfinder + newBugWayfinder；mapExecute/complete 均已自包含内嵌正文格式标记）
  PASS client complete v4 内嵌正文格式标记 {bodyFormat}（文案按后端解析，不再硬抄）
  PASS package client complete v4 内嵌正文格式标记 {bodyFormat}（文案按后端解析，不再硬抄）
  PASS client 含按后端解析正文格式的渲染入口（bodyFormatText/backendPromptFrom/promptTextFor）
  PASS package client 含按后端解析正文格式的渲染入口（bodyFormatText/backendPromptFrom/promptTextFor）
  PASS client newWayfinder 建图入口挂 BODY_FORMAT(st)（F2 补强 + #595 按后端）
  PASS package client newWayfinder 建图入口挂 BODY_FORMAT(st)（F2 补强 + #595 按后端）
  PASS client newBugWayfinder 新增 BUG 入口挂 BODY_FORMAT(st)（#4 + #595 按后端）
  PASS package client newBugWayfinder 新增 BUG 入口挂 BODY_FORMAT(st)（#4 + #595 按后端）
  PASS client 不再硬抄写回脚本路径 ×0（#595：搬进 github 后端 prompts.bodyFormat）
  PASS package client 不再硬抄写回脚本路径 ×0（#595：搬进 github 后端 prompts.bodyFormat）
  PASS client 正文格式文案不再含插件目录解析（dsh plugin … exec）
  PASS package client 正文格式文案不再含插件目录解析（dsh plugin … exec）
  PASS client 无刷新遮罩渲染（R7）
  PASS package client 无刷新遮罩渲染（R7）
  PASS client refreshAll 静默路径（R7）
  PASS package client refreshAll 静默路径（R7）
  PASS client 刷新入口图标转圈 · 文字恒定（R7 反馈）
  PASS package client 刷新入口图标转圈 · 文字恒定（R7 反馈）
  PASS client 即时转圈（spinAll/rficon）
  PASS package client 即时转圈（spinAll/rficon）
  PASS client fitAllTags 指纹跳过
  PASS package client fitAllTags 指纹跳过
  PASS client 动作后探测（R9）
  PASS package client 动作后探测（R9）
  PASS client 数据层 diff（R4）
  PASS package client 数据层 diff（R4）
  PASS client R5 变化视觉（高亮/删除提示/清除）
  PASS package client R5 变化视觉（高亮/删除提示/清除）
  PASS client diff 用 tickets + claimedBy（字段实证）
  PASS package client diff 用 tickets + claimedBy（字段实证）
  PASS note toast 左下角（双源）

全部通过
风险A：产物防手改门禁（AUTO-GENERATED + gitignore）
  PASS client.js 以 // AUTO-GENERATED 开头（机器产物）
  PASS host.js 以 // AUTO-GENERATED 开头（机器产物）
  PASS package/lib/client.js 非空（构建产物）
  PASS package/lib/index.js 非空（构建产物）
  PASS 4 个产物均被 .gitignore 忽略（仓库只见 src）
    gitignore 命中:
    .gitignore:29:/client.js	client.js
    .gitignore:30:/host.js	host.js
    .gitignore:31:/package/lib/	package/lib/client.js
    .gitignore:31:/package/lib/	package/lib/index.js
  PASS 产物未被 git 跟踪（git ls-files 无 client.js/host.js/package/lib/）

方案C L2：原样复制校验（glob 差集 + sha256 + 入口 + import 卫生）
  PASS package/lib 与 src/host 双向差集 0（src=116 pkg=116，排除 client.js）
  PASS package/lib 与 src/host 逐文件 sha256 一致
  PASS package/lib 含 platform/ 目录及入口
  PASS package/lib 含 tracker/ 目录及入口
  PASS package/shared 与 src/shared 双向差集 0（src=27 pkg=27）
  PASS package/shared 与 src/shared 逐文件 sha256 一致
  PASS src/shared 27 文件（实得 27）
  PASS package/shared 27 文件（实得 27）
  PASS import 卫生：所有相对 import 均显式 .js
  PASS 入口导出冒烟（package/lib/index.js）: defaultApply=true namedApply=false name=false inject=false
  PASS 打包产物相对导入全部可解析（142 文件，缺 0 处）
  PASS package/package.json files 含 shared
  PASS package/package.json files 含 lib

全部通过 — 风险A + 方案C L2 门禁生效
配色核心新鲜度门禁（#629：TS 改了产物没跟上就红）
  PASS 构建脚本导出同一转译口径 transpileUnit
  PASS src/shared/label-color/ports.js 与 label-color-core/src/ports.ts 转译一致（不一致请跑 node scripts/build.mjs）
  PASS src/shared/label-color/colors.js 与 label-color-core/src/colors.ts 转译一致（不一致请跑 node scripts/build.mjs）
  PASS src/shared/label-color/prompt.js 与 label-color-core/src/prompt.ts 转译一致（不一致请跑 node scripts/build.mjs）
  PASS 插口产物带模块标识 PORTS_SOURCE（空壳可追溯）
  PASS src/shared/label-color/ports.js 零相对引用（自包含，同层互引门禁天然能过）
  PASS src/shared/label-color/colors.js 零相对引用（自包含，同层互引门禁天然能过）
  PASS src/shared/label-color/prompt.js 零相对引用（自包含，同层互引门禁天然能过）
  PASS src/shared/label-color/colors.js 要用的东西都带行首 export（拼进闭包靠去掉行首那七个字符）
  PASS src/shared/label-color/colors.js 不含版本与仓库地址两个占位符（拼接不会再过一遍注入）
  PASS src/shared/label-color/prompt.js 要用的东西都带行首 export（拼进闭包靠去掉行首那七个字符）
  PASS src/shared/label-color/prompt.js 不含版本与仓库地址两个占位符（拼接不会再过一遍注入）
  PASS tsc --noEmit 通过

全部通过 — 配色核心新鲜度门禁生效
配色核心纯函数门禁（#629：色值口径与空值语义、挑改动、提示词表格）
(node:51544) [MODULE_TYPELESS_PACKAGE_JSON] Warning: Module type of file:///D:/dsh-plugin/dsh-mattpocock-skills-deck/sr
c/shared/label-color/colors.js is not specified and it doesn't parse as CommonJS.
Reparsing as ES module because module syntax was detected. This incurs a performance overhead.
To eliminate this warning, add "type": "module" to \\?\D:\dsh-plugin\dsh-mattpocock-skills-deck\package.json.
(Use `node --trace-warnings ...` to show where the warning was created)
  PASS colors.js 导出函数 normalizeColor
  PASS colors.js 导出函数 isColor
  PASS colors.js 导出函数 colorsDiffer
  PASS colors.js 导出函数 pickChangedRows
  PASS prompt.js 导出函数 buildPaletteTable
  PASS prompt.js 导出函数 buildPalettePrompt
  PASS 插口产物带模块标识 PORTS_SOURCE（实得 label-color-core/src/ports.ts）
  PASS ports.ts 里能读到 ColorChangeFailure 的形状声明
  PASS ColorChangeFailure 带 name 字段
  PASS ColorChangeFailure 的 reason 是 { kind, message }（与契约层的失败条目逐字一致）
  PASS ColorChangeFailure 里不再出现 code 这个字段名（同一个概念只有一种写法）
  PASS 归一化「#8B5CF6」→ 8b5cf6（期望 8b5cf6）
  PASS 归一化「8b5cf6」→ 8b5cf6（期望 8b5cf6）
  PASS 归一化「  #8B5CF6  」→ 8b5cf6（期望 8b5cf6）
  PASS 归一化「 8B5CF6 」→ 8b5cf6（期望 8b5cf6）
  PASS 归一化「#8b5cf6」→ 8b5cf6（期望 8b5cf6）
  PASS 归一化「#8b5cf6 」→ 8b5cf6（期望 8b5cf6）
  PASS 不合法输入 "8b5cf" 归一化得 null（实得 null）
  PASS 不合法输入 "8b5cf6ff" 归一化得 null（实得 null）
  PASS 不合法输入 "gggggg" 归一化得 null（实得 null）
  PASS 不合法输入 "red" 归一化得 null（实得 null）
  PASS 不合法输入 "" 归一化得 null（实得 null）
  PASS 不合法输入 "   " 归一化得 null（实得 null）
  PASS 不合法输入 "#" 归一化得 null（实得 null）
  PASS 不合法输入 12345 归一化得 null（实得 null）
  PASS 不合法输入 null 归一化得 null（实得 null）
  PASS 不合法输入 undefined 归一化得 null（实得 null）
  PASS 不合法输入 {} 归一化得 null（实得 null）
  PASS isColor 收带井号大写写法（#8B5CF6 为真）
  PASS isColor 收不带井号小写写法（8b5cf6 为真）
  PASS isColor('') 为假（空串表示还没配颜色，不是合法颜色）
  PASS isColor(null / undefined) 为假
  PASS 位数不对或含非十六进制字符为假
  PASS colorsDiffer('', '') 为假（两边都没配色，不算改过）
  PASS colorsDiffer('', '8b5cf6') 为真（从没配色到有颜色，算改过）
  PASS colorsDiffer('8B5CF6', '8b5cf6') 为假（只差大小写，不算改过）
  PASS colorsDiffer('8b5cf6', '') 为真（把颜色清掉，算改过）
  PASS 只差一个井号不算改过
  PASS 空值与空串互相比较都不算改过
  PASS 两边是同一个非法值不算改过（合法性与相等比较分开判）
  PASS 两个不同的非法值算改过（照常发给后端，由后端按解析档报错）
  PASS 非法值换掉空串算改过（colorsDiffer('', 'zzzzzz') 为真）
  PASS 只挑出真正变了的行（实得 [wayfinder:grilling, wayfinder:map]）
  PASS 送出去的每一项只有标签名与不带井号的小写六位颜色（实得 [{"name":"wayfinder:grilling","color":"f97316"},{"name":"wayfinder:map","color":"8b5cf6"}]）
  PASS 没被碰过的行不算改动（实得 []）
  PASS 不同的非法值照常发出去且值先归一化（实得 [{"name":"bug","color":"yyyyyy"}]）
  PASS 空清单时草稿里非空的那项算改动（实得 [{"name":"bug","color":"d73a4a"}]）
  PASS 表格第一行是两个表头（由词条给）：| 标签 | 颜色 |
  PASS 表格第二行是分隔行：| --- | --- |
  PASS 色值写成不带井号的小写六位：| wayfinder:map | 8b5cf6 |
  PASS 还没配颜色的标签留一个空单元格：| needs-triage |  |
  PASS 两行数据就出两行（实得 4 行）
  PASS 空清单出来的是只有表头与分隔行的空表
  PASS 整段提示词以开头一句 + 空行 + 表格起头
  PASS 整段提示词以表格 + 空行 + 结尾一句收尾
  PASS 结尾那句是空白时不留下多余空行
  PASS 后端声明 url 时拼出远程那一套并允许写剪贴板（实得 kind=pending）
  PASS 读不到仓库名时用不含仓库名的结尾（实得 kind=pending）
  PASS 后端声明 folder 时拼出工作区文件那一套（实得 kind=pending）
  PASS 没读到后端模块时不写剪贴板、也不拼文字（实得 {"write":false,"kind":"blocked","key":"lc.copyNoBackend","text":""}）
  PASS 开仓动作 undefined 不是两个已声明值之一时不写剪贴板（实得 {"write":false,"kind":"blocked","key":"lc.copyNoOpenMode","text":""}）
  PASS 开仓动作 "" 不是两个已声明值之一时不写剪贴板（实得 {"write":false,"kind":"blocked","key":"lc.copyNoOpenMode","text":""}）
  PASS 开仓动作 null 不是两个已声明值之一时不写剪贴板（实得 {"write":false,"kind":"blocked","key":"lc.copyNoOpenMode","text":""}）
  PASS 开仓动作 "magic" 不是两个已声明值之一时不写剪贴板（实得 {"write":false,"kind":"blocked","key":"lc.copyNoOpenMode","text":""}）
  PASS 开仓动作 "URL" 不是两个已声明值之一时不写剪贴板（实得 {"write":false,"kind":"blocked","key":"lc.copyNoOpenMode","text":""}）
  PASS 写剪贴板失败时反馈是失败并把文字留着手动选（实得 {"kind":"fail","key":"lc.copyFailed","text":"一段文字"}）
  PASS 结果不是布尔真（抛异常 / 环境里没有剪贴板）也算失败
  PASS 只有真的写成了才是成功那一支（实得 {"kind":"ok","key":"lc.copied","text":""}）
  PASS 填完了的草稿照原样进方案（实得 #112233）
  PASS 被清空的行退回后端真实值，不写成空（实得 "fbca04"）
  PASS 写错字、后端本来也没颜色的行仍然是空（实得 ""）
  PASS 没选定后端这一情形归 conflict 档，界面取的就是 lc.err.conflict（后端返回的说明：这个工作区使用哪个后端尚…）
  PASS 没选定后端时界面引导里不出现「稍等片刻再重试」这类无效指引（实得：这一次保存未生效，标签颜色没有改动。原因和下一步操作见「后端返回的说明」。）
  PASS 英文那一句同样不出现无效指引（实得：This save did not take effect: no label color was changed. The reason and the next step are in the message the backend returned.）
  PASS 界面引导不替后端断言成因（后端说「这个工作区使用哪个后端尚未确定」，界面不许说成「和另一处改动撞上了」）
  PASS 框里的那段后端说明中英两份都点名了它自己（中文「后端返回的说明」，英文 Message from the backend）
  PASS 界面引导把「怎么做」交给框里的后端返回的说明（中英两份都点名了那个框；实得英文：This save did not take effect: no label color was changed. The reason and the next step are in the message the backend returned.）
  PASS 「去哪儿选定后端」写明了是面板头部那颗「切换后端」按钮（实得：这个工作区使用哪个后端，在面板头部仓库名右边那颗按钮里选定（图标是两枚相对的箭头，悬停显示「切换后端」），选好后回到本弹窗点「重试」。面板头部没有这颗按钮时（这个工作区尚未绑定后端），点面板里「该工作区还没有设置 — 点击选择后端」即可选定后端。）
  PASS 英文那一句同样写明位置（实得：Which backend this workspace uses is chosen with the button to the right of the repository name in the panel header (two facing arrows; hovering shows "Switch backend"), then come back to this dialog and click Retry. If that button is not in the header (this workspace has no backend bound yet), click "this workspace is not set up yet — click to choose a backend" in the panel to choose one.）
  PASS 可点入口中英两份文字都在
  PASS env 档不再说「这一步没能写成」（读清单那一步并没有在写），改把「卡在哪一步、为什么」交给后端返回的说明
  PASS #633：not-found 档不再替后端列举成因（列举等于替后端猜，且「去配色文件里补一行」在文件还没生成时会让人去找一份不存在的文件），把「怎么做」交给「后端返回的说明」
  PASS #633：parse 档同样不再替后端列举成因（颜色写法不合法 / 后端读不出它自己的配色文件），把「怎么改」交给「后端返回的说明」
  PASS 读得出面板当前选定的后端
  PASS selection 不在顶层时退回快照里那一份
  PASS 面板没选定后端时给空串——不编一个后端 id 出来
  PASS 面板选定了 github → 列标签那条电话带上了 backendId: github（实得 {"cwd":"/ws/x","sessionId":"sid-1","backendId":"github"}）
  PASS 面板选定了 github → 改色那条电话同样带上（实得 {"cwd":"/ws/x","sessionId":"sid-1","backendId":"github","changes":[{"name":"bug","color":"112233"}]}）
  PASS 面板没选定后端 → 这个字段干脆不带（不编一个 id 出来）（实得 {"cwd":"/ws/x","sessionId":"sid-1"}）
  PASS 面板当前是「无后端」→ 同样不带这个字段（实得 {"cwd":"/ws/x","sessionId":"sid-1"}）
  PASS 三条关闭路径共用的那句提示词条在（lc.closeUnsaved）
  PASS 提示只有一套说法：只点名「退出」的旧词条 lc.exitUnsaved 已随这次统一去掉（中英都没有）
  #632 情形一：有草稿时点右上角的 ×
Each child in a list should have a unique "key" prop.

Check the render method of `LabelColorDialog`. See https://react.dev/link/warning-keys for more information.
  PASS 右上角那颗 × 找得到（data-lc-close-x）
  PASS 第一次点 ×：没有关掉弹窗（onClose 0 次）
  PASS 第一次点 ×：摆出的提示就是共用的那一句（实得：有未保存的改动：底部「退出」、右上角的 ×、弹窗外区域，三处点哪一处都是再点一次就关闭。未保存的改动不写入后端，关闭后无法找回；关闭前若又改了内容，需重新确认。）
  PASS 第一次点 × 之后：× 自己变成琥珀色（rgb(245, 158, 11)）
  PASS 同一份确认状态让底部「退出」一起变琥珀色（两处同一套颜色）
  PASS 第二次点 ×：真的关了（onClose 1 次）
  #632 情形二：有草稿时点弹窗外的空白处
  PASS 遮罩那一层与卡片都找得到
  PASS 第一次点遮罩空白处：没有关掉弹窗（onClose 0 次）
  PASS 第一次点遮罩空白处：摆出的提示与点 × 时逐字相同（实得：有未保存的改动：底部「退出」、右上角的 ×、弹窗外区域，三处点哪一处都是再点一次就关闭。未保存的改动不写入后端，关闭后无法找回；关闭前若又改了内容，需重新确认。）
  PASS 点卡片里面不算关：既不关也不把已经摆出来的提示收回去
  PASS 第二次点遮罩空白处：真的关了（onClose 1 次）
  #632 情形三：有草稿时点底部「退出」（#630 的现状保持）
  PASS 第一次点「退出」：不关、摆提示
  PASS 第二次点「退出」：关
  #632 情形四：三条路共用同一份确认状态
  PASS 先用 × 摆出确认：还没关
  PASS 确认摆着的时候，第二下点另一处（「退出」）也照关——共用一份状态，与提示里写的「这三处点哪一处都算」一致
  #632 情形五：确认摆出来以后又动了草稿，上次的确认作废
  PASS 先点一次 ×：已摆提示、还没关
  PASS 找得到那一行的颜色值输入框（真行控件渲染出来的）
  PASS 动过草稿之后：上次的确认作废，提示自己收起来了
  PASS 这时再点一次 ×：仍然不关（要重新点两次）
  PASS 再点一次 ×：才关
  #632 情形六：没有未保存的改动时，三条路都一点就关
  PASS 没有草稿时点 ×：一次就关，不摆提示
  PASS 没有草稿时点遮罩空白处：一次就关，不摆提示
  PASS 没有草稿时点「退出」：一次就关，不摆提示
  #635 情形七：全部改成功时弹窗自己关掉；只要有一条没成功就留着
  PASS 找得到底部那颗「保存」按钮
  PASS 刚打开还没点保存：不关（这一段赌的是保存成功那一刻才关）
  PASS 点了保存、一条一条全部成功：弹窗自己关（onClose 一次）
  PASS 部分成功：不关（弹窗里「哪几条没成、为什么」那几行得留给用户看）
  PASS 一条都没成：不关（同样的理由，这时最不能把弹窗收掉）
  PASS 整体失败：不关
  #635 情形八：真的状态机报给面板的是什么（这一节其余地方都是替身，这一段挂真钩子）
  PASS 真钩子把替身回的清单读成 ready（两行）
  PASS 在那一行填了新色：待提交的改动正好一条
  PASS 保存成功后报给面板一次（实得 1 次）
  PASS 报上去的是后端回包里的那条（用它自己的写法 0B7285，而不是用户填的 #0b7285）：[{"name":"bug","color":"0B7285"}]
  PASS 两行都填了新色：待提交的改动两条（实得 2）
  PASS 部分成功也报一次（成功的那几条照样要当场显示）
  PASS 报上去的只有真改成功的那一条（实得 [{"name":"bug","color":"0b7285"}]）
  PASS 一条都没成功：一条都不报（一条都没改，面板没有可改的颜色）
  #631 的 D1：面板还在识别后端（待定）时，不摆那颗「去选定后端」的入口按钮
  PASS 待定时不摆那颗入口按钮（面板头部那颗「切换后端」按钮此刻是禁用的，点了没反应）
  PASS 待定时改摆那句诚实的话（正在识别，等它出结果再点「重试」）（实得：插件正在识别这个工作区使用哪个后端，此时面板头部那颗「切换后端」按钮不可点击。请等识别完成后再点「重试」。）
  PASS 待定时连「去哪儿选定后端」那一句也收起——它指的正是那颗点不动的按钮
  PASS 不是待定的 conflict 仍然摆那颗入口按钮（这次补修没有把它一起拿掉）
  PASS 不是待定时摆的仍然是「去哪儿选定后端」那一句（实得：这个工作区使用哪个后端，在面板头部仓库名右边那颗按钮里选定（图标是两枚相对的箭头，悬停显示「切换后端」），选好后回到本弹窗点「重试」。面板头部没有这颗按钮时（这个工作区尚未绑定后端），点面板里「该工作区还没有设置 — 点击选择后端」即可选定后端。）
  PASS 不是待定时不摆「正在识别」那句话
  PASS 读不到面板状态时当作「不是待定」，照旧摆那颗入口按钮（不编一个待定出来）
  #635 A：保存成功后写进面板快照的颜色，以及那一笔记录
  PASS 带井号、大写、前后空格都归一成不带井号的小写六位（实得 {"bug":"0b7285","accessibility":"5c0783"}）
  PASS 六位以外的色值与没有名字的条目一律不认（写进面板的必须是后端确认过的好色值）
  PASS 同一个标签在快照里的五个落脚点全写到了（标签表 / 派生色板 / 地图容器 / 地图下的票 / 没挂图的票）：实得 5
  PASS 五个落脚点拿到的都是新色
  PASS 没在这次改动里的标签，颜色一处都没动
  PASS 同样的颜色再写一遍：一处都不算改动（幂等，不会让面板白重画）
  PASS 面板收到「保存成功」：记一笔并当场改当前那份快照（返回真 = 要重画）
  PASS 记录里存的是后端确认的色值与那一刻（实得 {"colors":{"bug":"0b7285"},"at":2000}）
  PASS 当前那份快照当场就是新色（面板不必等那次二十多秒的全量重拉）
  PASS 保存前发出去、保存后才回来的那份旧快照：装进面板时按记录补色
  PASS 补的就是后端确认的那个色（不让面板倒回旧色）
  PASS 补完记录还留着（后面可能还有更旧的快照回来）
  PASS 保存之后生成的那份快照：不补色（它自己就知道真相）
  PASS 记录当场作废，不再往后盖（免得盖掉后来别人又改过的颜色）
  #637：入口图标的颜色（真实颜色加默认兜底）
  PASS 四个槽位就是负责人点的四个标签，顺序即圆点次序（实得 ["wayfinder:map","wayfinder:research","wayfinder:prototype","wayfinder:task"]）
  PASS 四个默认色是深浅两档（实得 ["light-dark(#d73a4a,#f87171)","light-dark(#bf8700,#e3b341)","light-dark(#1a7f37,#3fb950)","light-dark(#0969da,#58a6ff)"]）
  PASS 盘身是暖木色填充加深一档描边（实得 {"fill":"light-dark(#e8c98f,#c9a063)","stroke":"light-dark(#a8763c,#e0bd86)"}）
  PASS 四个标签都在时取真实颜色（带井号大写、前后空格都归一；多余的标签不理；实得 ["#8b5cf6","#0ea5e9","#f59e0b","#10b981"]）
  PASS 空色、错色与整个标签缺席都只让那个槽位回默认（实得 ["light-dark(#d73a4a,#f87171)","light-dark(#bf8700,#e3b341)","light-dark(#1a7f37,#3fb950)","#10b981"]）
  PASS 清单是 null 时四个全是默认色（实得 ["light-dark(#d73a4a,#f87171)","light-dark(#bf8700,#e3b341)","light-dark(#1a7f37,#3fb950)","light-dark(#0969da,#58a6ff)"]）
  PASS 清单是 undefined 时四个全是默认色（实得 ["light-dark(#d73a4a,#f87171)","light-dark(#bf8700,#e3b341)","light-dark(#1a7f37,#3fb950)","light-dark(#0969da,#58a6ff)"]）
  PASS 清单是 "nope" 时四个全是默认色（实得 ["light-dark(#d73a4a,#f87171)","light-dark(#bf8700,#e3b341)","light-dark(#1a7f37,#3fb950)","light-dark(#0969da,#58a6ff)"]）
  PASS 清单是 {} 时四个全是默认色（实得 ["light-dark(#d73a4a,#f87171)","light-dark(#bf8700,#e3b341)","light-dark(#1a7f37,#3fb950)","light-dark(#0969da,#58a6ff)"]）
  PASS 清单是 42 时四个全是默认色（实得 ["light-dark(#d73a4a,#f87171)","light-dark(#bf8700,#e3b341)","light-dark(#1a7f37,#3fb950)","light-dark(#0969da,#58a6ff)"]）
  PASS 同名标签出现两次以第一次为准（实得 ["#8b5cf6","light-dark(#bf8700,#e3b341)","light-dark(#1a7f37,#3fb950)","light-dark(#0969da,#58a6ff)"]）
  PASS 三位、八位、非字符串颜色一律回默认（实得 ["light-dark(#d73a4a,#f87171)","light-dark(#bf8700,#e3b341)","light-dark(#1a7f37,#3fb950)","light-dark(#0969da,#58a6ff)"]）
  PASS 调色盘四个圆点的填充色取传进来的 colors[0..3]
  PASS 调色盘分支里不再有写死的灰色圆点（整只上色，不留灰）
  PASS 盘身取传进来的 bodyFill / bodyStroke
  PASS 圆点半径没动（按钮什么都不改，只是上色）
  PASS 入口按钮把取到的四色与盘身两色传进图标（尺寸仍是 10）
  PASS 入口按钮挂载就取一次清单：先摆默认色，取回来换真实颜色，取失败保持默认色不报错
  PASS 按钮那圈描边与调色盘盘身边框是同一个木色（尺寸圆角不动，只换描边色，不再是灰的）
  PASS 弹窗标题用同一只图标、同一套颜色（取它这次取回来的行）

全部通过 — 配色核心纯函数门禁生效（170 项）
更新核心新鲜度门禁（#540：TS 改了 JS 没跟上就红）
  PASS 构建脚本导出同一转译口径 transpileUnit
  PASS src/shared/update/ports.js 与 update-core/src/ports.ts 转译一致（不一致请跑 node update-core/build.mjs）
  PASS src/shared/update/service.js 与 update-core/src/service.ts 转译一致（不一致请跑 node update-core/build.mjs）
  PASS src/shared/update/commands.js 与 update-core/src/commands.ts 转译一致（不一致请跑 node update-core/build.mjs）
  PASS 插口生成物带模块标识 PORTS_SOURCE（空壳可追溯）
  PASS 核心生成物零相对引用（同层互引门禁天然能过）
  PASS 命令生成物零相对引用（自包含，不引用同层其它文件）
  PASS tsc --noEmit 通过
  PASS 核心导出工厂函数 createUpdateCore
  PASS 快照恰好六字段（实际 blockedReason,canInstall,installedVersion,job,latestVersion,runningVersion）
  PASS 快照本地版本正确（运行=磁盘=1.7.14）
  PASS 没查过：远端版本与任务均为 null
  PASS 快照里没有钥匙（无检查编号与环境指纹）
  PASS 有新版：远端 9.9.9 且能装
  PASS 凭证另交（含编号与有效期）
  PASS 凭证里没有环境指纹（指纹只留核心内存）
  PASS 无新版：远端等于运行版，不能装
  PASS 不能装时不交凭证（receipt 为 null）
  PASS 2 秒内重复查只联网一次（实际 1 次）
  PASS 坏发行信息报 invalid-release（实际 invalid-release）
  PASS 失败后不留远端版本、不标记能装
  PASS 运行环境不满足：原因 incompatible-node 且不能装
  PASS 无凭证调安装报 check-expired（实际 check-expired）
  PASS 命令模块导出安装配方与手工拼接函数
  PASS 普通 DSH 宿主出命令行路由配方（实际 cli-process）
  PASS 配方参数数组带精确版本、--save-exact 与官方源（实际 add --save-exact dsh-mattpocock-skills-deck@9.9.9 --registry=https://registry.npmjs.org/）
  PASS 桌面宿主出桌面服务路由配方，参数数组与命令行路由一致
  PASS 宿主种类不认识时不给配方（诚实失败转手工命令）
  PASS 手工命令沿用同一套政策（实际 dsh plugin --profile web add --save-exact dsh-mattpocock-skills-deck@9.9.9 --registry=https://registry.npmjs.org/）
  PASS 源码安装不给手工命令
  PASS 纯数字三段才算合法版本（预发布拒绝）
  PASS 版本比对正确
  PASS 运行环境范围判定正确

全部通过 — 更新核心新鲜度门禁生效
标题行更新入口门禁（#541：三态显示 + 先读状态后联网 + 复用只读核心）
  PASS 宿主注册查状态电话 wf.updateStatus
  PASS 宿主注册查新版电话 wf.updateCheck
  PASS 更新胶水走动态引入（无静态 import）
  PASS 宿主入口无更新胶水的静态引用
  PASS 胶水导出电话工厂 createUpdatePhoneHandlers
  PASS 查状态走核心 reader.status
  PASS 查新版走核心 reader.check
  PASS 胶水电话不另写查询（无官方源地址字面量）
  PASS 面板不另写查询（无源地址与直连请求）
  PASS 电话与按钮只复用常驻事件（host.call、host.call.fail、panel.render）
  PASS 宿主日志按电话名记行（查状态与查新版各一行方法可识行，装更新行由安装门禁覆盖）
  PASS 派生文件带零变化断言（默认前缀下查状态与查新版电话名与旧字面一致）
  PASS 客户端调用点相邻有行（两处调用各有日志行覆盖，方法名走派生常量）
  PASS 装更新那一路也有方法可识的日志行（三处调用各一行）
  PASS 面板状态推进按需记行并同行判开关（关着不组装字符串）
  PASS 按钮平时显示检查更新（走词条）
  PASS 按钮检查中显示检查中（走词条）
  PASS 按钮有新版显示更新至某版本（走词条带版本号）
  PASS 点开设置页先读本地状态（挂载即读）
  PASS 先读状态电话、点了才调检查电话（电话名走派生常量）
  PASS 状态调用在检查调用之前（先状态后检查）
  PASS 检查中与安装中禁用按钮（重复点击不重发，#542 加忙碌态）
  PASS 检查失败给可读提示（走词条）
  PASS 词条中英成对 cfg.updateCheck（实际 2 处）
  PASS 词条中英成对 cfg.updateChecking（实际 2 处）
  PASS 词条中英成对 cfg.updateToVersion（实际 2 处）
  PASS 词条中英成对 cfg.updateCheckFail（实际 2 处）
  PASS 词条中英成对 cfg.updateLatest（实际 2 处）
  PASS src/host/update.js 224 行（上限 350）
  PASS src/host/index.js 343 行（上限 350）
  PASS src/client/views/SettingsPage.js 210 行（上限 350）
  PASS src/client/views/useUpdatePanel.js 207 行（上限 350）
  PASS src/client/views/UpdateDialog.js 54 行（上限 350）
  PASS src/client/views/UpdateRestartBanner.js 26 行（上限 350）
  PASS src/client/kernel/locale-word.js 324 行（上限 350）
(node:54020) [MODULE_TYPELESS_PACKAGE_JSON] Warning: Module type of file:///D:/dsh-plugin/dsh-mattpocock-skills-deck/sr
c/host/update.js is not specified and it doesn't parse as CommonJS.
Reparsing as ES module because module syntax was detected. This incurs a performance overhead.
To eliminate this warning, add "type": "module" to \\?\D:\dsh-plugin\dsh-mattpocock-skills-deck\package.json.
(Use `node --trace-warnings ...` to show where the warning was created)
  PASS 电话工厂可被动态加载
  PASS 查状态成功返回（不联网）
  PASS 查状态快照恰好六字段（实际 blockedReason,canInstall,installedVersion,job,latestVersion,runningVersion）
  PASS 查状态快照里没有钥匙
  PASS 查新版带回远端 9.9.9
  PASS 单例：查状态能看到刚查到的远端版本
  PASS 无新版：远端等于运行版，不能装
  PASS 连不上报检查失败（实际 check-failed）
  PASS 坏发行信息报版本信息无效（实际 invalid-release）
  PASS 面板有纯版本号比对 updIsNewer
  PASS 检查回调不再凭手工命令开对话框
  PASS 检查回调以远端比运行版新为开对话框条件
  PASS 比对：远端新算有新版
  PASS 比对：版本号相等不算新版（#546 反例）
  PASS 比对：远端更旧不算新版
  PASS 比对：运行版更高不算新版
  PASS 比对：跨大版本按数值比（非字典序）
  PASS 比对：远端坏版本号不开对话框
  PASS 对话框标题带刷新图标
  PASS 对话框保留复制键与安装键（走词条，无写死中文）
  PASS 安装失败在对话框里显性提示原因（不是点完没反应）
  PASS 失败发生在本次安装中时把对话框重新打开给用户看
  PASS 读快照与弹窗判据是纯函数（可离线核对）
  PASS 无新版弹已是最新提示（带版本号）
  PASS 自动读状态不弹提示（提示只在点的检查回调里）

全部通过 — 标题行更新入口门禁生效
安装闭环与手工兜底门禁（#542：轮询到待重启 + 去重 + 凭证 + 手工命令 + 假执行器）
  PASS 宿主注册装更新电话 wf.updateInstall
  PASS 胶水有装更新电话的日志行
  PASS 装更新走核心 reader.install
  PASS 胶水不另写查询（无官方源地址字面量，命令拼接在共享层）
  PASS 派生文件带零变化断言（默认前缀下三个电话名与旧字面一致）
  PASS 面板有点更新调用（开始更新，走派生电话名）
  PASS 安装中按派生间隔轮询查状态（不再写死 1000）
  PASS 面板不直连源（手工命令由宿主回包提供）
  PASS 对话框两行字与开始更新走词条
  PASS 安装链路只复用常驻事件（host.call、host.call.fail、panel.render）
  PASS 安装执行器记跨边界调用与结果（常驻事件 update.install.exec）
(node:54248) [MODULE_TYPELESS_PACKAGE_JSON] Warning: Module type of file:///D:/dsh-plugin/dsh-mattpocock-skills-deck/sr
c/shared/update/service.js is not specified and it doesn't parse as CommonJS.
Reparsing as ES module because module syntax was detected. This incurs a performance overhead.
To eliminate this warning, add "type": "module" to \\?\D:\dsh-plugin\dsh-mattpocock-skills-deck\package.json.
(Use `node --trace-warnings ...` to show where the warning was created)
  PASS 查新版交凭证（安装前置）
  PASS 开始更新返回正在安装
  PASS 重启前运行版本不变（实际 1.7.14）
  PASS 轮询到待手动重启（实际 restart-required）
  PASS 磁盘已是新版、运行仍是旧版（待重启）
  PASS 待重启时不能再装
  PASS 假执行器只跑一次（实际 1 次）
  PASS 重复提交返回旧结果（待重启，不重装）
  PASS 重复提交执行器仍只跑一次（实际 1 次）
  PASS 凭证过期报 check-expired（实际 check-expired）
  PASS 环境变化报 installation-changed（实际 installation-changed）
  PASS 安装中再提交报 update-busy（实际 update-busy）
  PASS 能装时手工命令可用（带官方源与精确版本）
  PASS 源码安装不给手工命令
  PASS 安装配方强制官方源加精确版本
  PASS 电话查新版带凭证
  PASS 电话回包带手工命令（实际 dsh plugin --profile web add --save-exact dsh-mattpocock-skills-deck@9.9.9 --registry=https://registry.npmjs.org/）
  PASS 电话装更新返回正在安装
  PASS 电话轮询到待手动重启
  PASS 电话重复提交不重装（执行器 1 次）
  PASS 电话凭证过期报错（实际 check-expired）
  PASS 更新门禁无真安装调用（全假执行器，tsc 的 spawnSync 除外）
  PASS 更新门禁不调真执行器

全部通过 — 安装闭环与手工兜底门禁生效
镜像源滞后排障口径门禁（#645：报错可查到原因、提示讲清不要去源参数、命令锁定官方源）
  PASS 中文说明含报错关键字 No matching version
  PASS 中文说明点名镜像源 npmmirror
  PASS 中文说明给出官方源地址
  PASS 中文说明给出走官方源的兜底命令
  PASS 英文说明含报错关键字 No matching version
  PASS 英文说明点名镜像源 npmmirror
  PASS 英文说明给出走官方源的兜底命令
  PASS 提示文案中英成对 cfg.updateManualNote（实际 2 处）
  PASS 中文提示讲清镜像源还没同步
  PASS 中文提示讲清这时不要去掉源参数
  PASS 英文提示讲清镜像源还没同步
  PASS 英文提示讲清这时不要去掉源参数
  PASS src/shared/update/commands.js 默认源地址为官方源
  PASS src/host/updatePkg/commands.js 默认源地址为官方源
  PASS 命令构造路径无镜像源字面量
全部通过
安装执行路由门禁（#548：三系统 × 两种宿主，假执行零件证明路由与命令形态）
(node:33376) [MODULE_TYPELESS_PACKAGE_JSON] Warning: Module type of file:///D:/dsh-plugin/dsh-mattpocock-skills-deck/sr
c/shared/update/commands.js is not specified and it doesn't parse as CommonJS.
Reparsing as ES module because module syntax was detected. This incurs a performance overhead.
To eliminate this warning, add "type": "module" to \\?\D:\dsh-plugin\dsh-mattpocock-skills-deck\package.json.
(Use `node --trace-warnings ...` to show where the warning was created)
  PASS 普通 DSH 宿主出命令行路由（实际 cli-process）
  PASS 桌面宿主出桌面服务路由（实际 desktop-service）
  PASS 配方参数数组带精确版本、--save-exact 与官方源（实际 add --save-exact dsh-mattpocock-skills-deck@9.9.9 --registry=https://registry.npmjs.org/）
  PASS 两条路由共用同一组参数（差异只在走哪条路由）
  PASS 配方带执行时限（实际 900000 毫秒）
  PASS 宿主种类不认识时不给配方（诚实失败转手工命令）
  PASS 使用范围名不可用时不给配方
  PASS win32：命令行路由起一次进程（实际 1 次）
  PASS win32：参数数组是「运行时 + CLI 入口 + plugin --profile 名 + 参数」（实际 ["C:\\Program Files\\nodejs\\node.exe","C:\\Users\\u\\.dsh\\profiles\\web\\node_modules\\@deepseek-ai\\dsh\\lib\\bin.js","plugin","--profile","web","add","--save-exact","dsh-mattpocock-skills-deck@9.9.9","--registry=https://registry.npmjs.org/"]）
  PASS win32：程序是当前运行时而不是 dsh 垫片（实际 C:\Program Files\nodejs\node.exe）
  PASS win32：不用 PATH 上的 dsh 命令名、不经 shell 解释
  PASS win32：不给子进程能力传 shell 选项
  PASS win32：工作目录是本插件所在的使用范围
  PASS win32：带终止宽限期（实际 3000 毫秒）
  PASS win32：输出走有界收集（不读不落盘，也不会没人读把子进程卡住）
  PASS darwin：命令行路由起一次进程（实际 1 次）
  PASS darwin：参数数组是「运行时 + CLI 入口 + plugin --profile 名 + 参数」（实际 ["/usr/local/bin/node","/home/u/.dsh/profiles/web/node_modules/@deepseek-ai/dsh/lib/bin.js","plugin","--profile","web","add","--save-exact","dsh-mattpocock-skills-deck@9.9.9","--registry=https://registry.npmjs.org/"]）
  PASS darwin：程序是当前运行时而不是 dsh 垫片（实际 /usr/local/bin/node）
  PASS darwin：不用 PATH 上的 dsh 命令名、不经 shell 解释
  PASS darwin：不给子进程能力传 shell 选项
  PASS darwin：工作目录是本插件所在的使用范围
  PASS darwin：带终止宽限期（实际 3000 毫秒）
  PASS darwin：输出走有界收集（不读不落盘，也不会没人读把子进程卡住）
  PASS linux：命令行路由起一次进程（实际 1 次）
  PASS linux：参数数组是「运行时 + CLI 入口 + plugin --profile 名 + 参数」（实际 ["/usr/bin/node","/home/u/.dsh/profiles/web/node_modules/@deepseek-ai/dsh/lib/bin.js","plugin","--profile","web","add","--save-exact","dsh-mattpocock-skills-deck@9.9.9","--registry=https://registry.npmjs.org/"]）
  PASS linux：程序是当前运行时而不是 dsh 垫片（实际 /usr/bin/node）
  PASS linux：不用 PATH 上的 dsh 命令名、不经 shell 解释
  PASS linux：不给子进程能力传 shell 选项
  PASS linux：工作目录是本插件所在的使用范围
  PASS linux：带终止宽限期（实际 3000 毫秒）
  PASS linux：输出走有界收集（不读不落盘，也不会没人读把子进程卡住）
  PASS win32：桌面路由调一次桌面服务（实际 1 次）
  PASS win32：桌面服务收到完整参数数组（实际 ["add","--save-exact","dsh-mattpocock-skills-deck@9.9.9","--registry=https://registry.npmjs.org/"]）
  PASS win32：桌面服务收到本插件所在的使用范围目录
  PASS darwin：桌面路由调一次桌面服务（实际 1 次）
  PASS darwin：桌面服务收到完整参数数组（实际 ["add","--save-exact","dsh-mattpocock-skills-deck@9.9.9","--registry=https://registry.npmjs.org/"]）
  PASS darwin：桌面服务收到本插件所在的使用范围目录
  PASS linux：桌面路由调一次桌面服务（实际 1 次）
  PASS linux：桌面服务收到完整参数数组（实际 ["add","--save-exact","dsh-mattpocock-skills-deck@9.9.9","--registry=https://registry.npmjs.org/"]）
  PASS linux：桌面服务收到本插件所在的使用范围目录
  PASS 激活使用范围对不上时报安装失败（实际 install-failed）
  PASS 对不上时一次桌面服务都没调（实际 0 次）
  PASS 桌面零件缺失时报安装失败（实际 install-failed）
  PASS 桌面零件缺失时报安装失败（实际 install-failed）
  PASS 使用范围名「my profile」原样进参数数组（实际 "my profile"）
  PASS 使用范围名不带字面引号（实际 "my profile"）
  PASS 运行时参数与参数数组顺序正确（实际 ["/usr/bin/node","--no-warnings","/opt/dsh/lib/bin.js","plugin","--profile","my profile","add","--save-exact","dsh-mattpocock-skills-deck@9.9.9","--registry=https://registry.npmjs.org/"]）
  PASS 使用范围名「我的配置」原样进参数数组（实际 "我的配置"）
  PASS 使用范围名不带字面引号（实际 "我的配置"）
  PASS 运行时参数与参数数组顺序正确（实际 ["/usr/bin/node","--no-warnings","/opt/dsh/lib/bin.js","plugin","--profile","我的配置","add","--save-exact","dsh-mattpocock-skills-deck@9.9.9","--registry=https://registry.npmjs.org/"]）
  PASS 子进程退出码非零报安装失败（实际 install-failed）
  PASS 拿不到 CLI 入口时报安装失败且不起进程（实际 install-failed，起进程 0 次）
  PASS 什么零件都没有时报安装失败（实际 install-failed）
  PASS 入口对得上包声明的 bin 就采用（实际 D:\opt\dsh\lib\bin.js）
  PASS 包名对不上不采用
  PASS 入口与包声明的 bin 不一致不采用
  PASS 没有运行入口时不采用
  PASS 执行器不按操作系统分支（路由由核心配方定）
  PASS 执行器不用裸子进程、不经 shell
  PASS 执行器不拼命令串再按空格拆参数
  PASS 命令行路由把配方的执行时限用在等退出上
  PASS 宿主种类用官方信号 desktopProfiles 探测
  PASS 桌面服务走嵌套注入（普通 DSH 不加载桌面依赖）
  PASS 宿主把上下文交给更新胶水（探测宿主种类与接执行零件）
  PASS 本门禁无真安装调用（全假零件）

全部通过 — 安装执行路由门禁生效
更新链路五行为回归门禁（#543：查状态 + 查新版 + 安装 + 轮询 + 重启自愈）
(node:11292) [MODULE_TYPELESS_PACKAGE_JSON] Warning: Module type of file:///D:/dsh-plugin/dsh-mattpocock-skills-deck/sr
c/shared/update/service.js is not specified and it doesn't parse as CommonJS.
Reparsing as ES module because module syntax was detected. This incurs a performance overhead.
To eliminate this warning, add "type": "module" to \\?\D:\dsh-plugin\dsh-mattpocock-skills-deck\package.json.
(Use `node --trace-warnings ...` to show where the warning was created)
  PASS 查状态快照恰好六字段（实际 blockedReason,canInstall,installedVersion,job,latestVersion,runningVersion）
  PASS 查状态快照里没有钥匙
  PASS 查状态读本地版本正确
  PASS 查新版带回远端 9.9.9 且能装
  PASS 查新版凭证另交且不带环境指纹
  PASS 查新版快照里没有钥匙
  PASS 查新版先交凭证（安装前置）
  PASS 开始更新返回正在安装
  PASS 重启前运行版本不变
  PASS 安装中不同编号再提交报正在更新（实际 update-busy）
  PASS 同编号重复提交不重装（实际 restart-required）
  PASS 轮询到待手动重启（实际 restart-required）
  PASS 磁盘已是新版、运行仍是旧版
  PASS 执行器只跑一次（实际 1 次）
  PASS 凭证过期报检查凭证过期（实际 check-expired）
  PASS 环境变化报安装状态变了（实际 installation-changed）
  PASS 派生文件带零变化断言（默认前缀下电话名与旧字面一致、轮询仍 1000 毫秒）
  PASS 面板只在正在安装或正在校验时才轮询
  PASS 轮询按更新包派生的间隔查（不再写死 1000）
  PASS 清理停掉定时器
  PASS 清理不取消后台任务（只停定时器，关页面不取消已提交的安装）
  PASS 轮询走派生的只读查状态电话名（不联网，见第 1 节）
  PASS 安装后台 fire-and-forget（调用返回后任务自己往下走）
  PASS 不轮询也能到待重启（后台自己推进，实际 restart-required）
  PASS 残留正在安装改为已中断需人工确认（实际 interrupted/recovery-required）
  PASS 磁盘对不上目标标安装状态变了（实际 interrupted/installation-changed）
  PASS 重启后运行等于目标才算完成（实际 completed）
  PASS 运行对不上继续待重启（实际 restart-required）
  PASS 有锁无任务按需人工确认处理（实际 interrupted/recovery-required）
  PASS 坏任务记录按需人工确认处理（实际 interrupted/recovery-required）
  PASS 电话查状态透出自愈后的已中断（实际 interrupted）
  PASS 回归门禁无真安装调用（全假执行器）
  PASS 回归门禁不调真执行器

全部通过 — 更新链路五行为回归门禁生效
当前插件迁移到更新包的门禁（#586：真的换了包 + 迁移前后行为逐项一致）
  PASS 派生宿主文件与更新包 dist 逐字节一致（不一致请跑 node scripts/derive-update-from-package.mjs）
  PASS 更新包宿主入口与门禁检查器都拎进派生目录（host.js 引用 gate.js，漏一个就加载失败）
  PASS 派生客户端带零变化断言：默认前缀 wf 下三个电话名与旧字面一致（wf.updateStatus、wf.updateCheck、wf.updateInstall）
  PASS 派生客户端带零变化断言：轮询间隔仍是 1000 毫秒
  PASS 面板源码里不再写死电话名字面量
  PASS 面板轮询间隔不再写死 1000（改为派生常量 UPD_POLL）
  PASS 面板四个取值都走派生常量（查状态、查新版、装更新、轮询间隔）
  PASS 宿主入口优先动态引入包派生接线（无静态引用）
  PASS 包派生失败时回退旧实现（旧文件仍在，回退可用）
  PASS 三个电话仍在宿主注册（注册名与现状一字不差）
  PASS 旧实现留而不搬：src/host/update.js 仍在
  PASS 旧实现留而不搬：src/host/updateReader.js 仍在
  PASS 旧实现留而不搬：src/host/updateStore.js 仍在
  PASS 适配器从包派生副本建更新能力（不是从 node_modules 直连，随包发布线上可用）
  PASS 适配器按插件标识与前缀注册（旧值，保证电话名与落盘目录不变）
(node:27360) [MODULE_TYPELESS_PACKAGE_JSON] Warning: Module type of file:///D:/dsh-plugin/dsh-mattpocock-skills-deck/sr
c/host/update.js is not specified and it doesn't parse as CommonJS.
Reparsing as ES module because module syntax was detected. This incurs a performance overhead.
To eliminate this warning, add "type": "module" to \\?\D:\dsh-plugin\dsh-mattpocock-skills-deck\package.json.
(Use `node --trace-warnings ...` to show where the warning was created)
  PASS 两边都提供三个具名处理器（查状态 / 查新版 / 装更新）
  PASS 包派生注册的电话名与旧实现一字不差（wf.updateStatus、wf.updateCheck、wf.updateInstall）
  PASS 两边查状态都成功
  PASS 快照字段逐字段一致（恰好六字段：blockedReason,canInstall,installedVersion,job,latestVersion,runningVersion）
  PASS 快照里没有钥匙（无检查编号与环境指纹）
  PASS 手工兜底命令逐字一致（dsh plugin --profile web add --save-exact dsh-mattpocock-skills-deck@1.7.18 --registry=https://registry.npmjs.org/）
  PASS 手工命令仍带官方源与精确版本（形状没变）
  PASS 两边查新版都成功
  PASS 远端版本一致（9.9.9）
  PASS 凭证另交且不带环境指纹
  PASS 错误码白名单一致且都是 13 条（旧 13 条、新 13 条）
  PASS 两边白名单条目相同（没有只在一侧认得的码）
  PASS 两边都真的走到网络那条路（旧抛 1 次、新抛 1 次）
  PASS 连不上时报同一个码（旧 check-failed / 新 check-failed）
  PASS 插件清单按确切版本号依赖更新包（实际 "0.1.1"）
  PASS 开发侧清单也声明了更新包依赖（本机可解析）
  PASS 构建产物里带齐派生副本（package/lib/updatePkg，随包发布）
  PASS 构建产物里有接线文件（package/lib/updateFromPackage.js）
  PASS 本门禁无真安装调用（全假零件）

全部通过 — 迁移门禁生效（真的换了包，行为逐项一致）
待重启提示与更新弹窗门禁（#587：判据 + 常驻 + 浮层 + 单次 + 词条 + 粒度）
  PASS 宿主判据不变：磁盘已装版本与运行版本不一致时报缺一次重启
  PASS 面板待重启只认这条原因码（pending-restart）
  PASS 面板不自己比版本号（判据单源在宿主）
  PASS 面板不拿任务记录的状态当待重启判据
(node:14936) [MODULE_TYPELESS_PACKAGE_JSON] Warning: Module type of file:///D:/dsh-plugin/dsh-mattpocock-skills-deck/sr
c/client/views/useUpdatePanel.js is not specified and it doesn't parse as CommonJS.
Reparsing as ES module because module syntax was detected. This incurs a performance overhead.
To eliminate this warning, add "type": "module" to \\?\D:\dsh-plugin\dsh-mattpocock-skills-deck\package.json.
(Use `node --trace-warnings ...` to show where the warning was created)
  PASS 读快照与弹窗判据都导出为纯函数
  PASS 常态回包：不待重启、可装、带上最新版号
  PASS 待重启回包：认出来待重启、且不给装（装不了）
  PASS 待重启回包：带上「跑的是哪版、磁盘是哪版」（提示要显示的两个号）
  PASS 手工兜底命令原样带出（失败时要能一键复制）
  PASS 空回包不炸也不误报待重启
  PASS 失败任务读出状态与原因码（界面要翻译成人话）
  PASS 用户没点过：不开
  PASS 确认有新版可装：开
  PASS 安装失败：照开（要把原因和手工命令说清楚）
  PASS 待重启本身不再弹窗（常驻提示负责说这件事）
  PASS 无新版：不开（不打扰）
  PASS 待重启横幅组件存在
  PASS 横幅带稳定的识别标记（验收与截图都指它）
  PASS 横幅渲染成一个带标记的整行容器
  PASS 横幅正文含「待手动重启」那句（走词条，不写死）
  PASS 横幅把「跑的版本 → 装好的版本」两个号显示出来
  PASS 缺版本号时退化成不带号的通用那句
  PASS 横幅源码里没有写死的中文字符串
  PASS 弹窗走仓库现成的浮层样式（遮罩加居中卡片）
  PASS 浮层与卡片各有稳定的识别标记（验收指它）
  PASS 没开的时候不渲染任何东西（页面上不留空壳）
  PASS 点遮罩空白处可关（与切换后端的确认框同一行为）
  PASS 主文件只留一行渲染调用（弹窗本体不再堆在配置页里）
  PASS 主文件用钩子给的三件：常驻横幅、按钮文字、按钮是否可点
  PASS 主文件不再自带更新状态机（全部收进钩子）
  PASS 单次说出去了才置位的标记存在（模块级，跨挂载不重复）
  PASS 只有第一次认到待重启才提示
  PASS 单次提示走词条并带上装好的版本号
  PASS 自动读状态与手动点检查各是一个函数（可分别核对）
  PASS 自动读状态本身不弹提示（无新版与失败提示只在手动点的那条路）
  PASS 词条中英成对 cfg.updateVersions（实际 2 处）
  PASS 词条中英成对 cfg.updateRestartNote（实际 2 处）
  PASS 词条中英成对 cfg.restartDone（实际 2 处）
  PASS 词条中英成对 cfg.restartDoneWith（实际 2 处）
  PASS 词条中英成对 cfg.updateRestartToast（实际 2 处）
  PASS src/client/views/useUpdatePanel.js 没有写死的中文字符串（实际 0 处）
  PASS src/client/views/UpdateDialog.js 没有写死的中文字符串（实际 0 处）
  PASS src/client/views/UpdateRestartBanner.js 没有写死的中文字符串（实际 0 处）
  PASS 埋点只复用已有事件名（实得 panel.render、host.call、host.call.fail）
  PASS 调试级记录同行判开关（关着不组装字符串）
  PASS src/client/views/useUpdatePanel.js 207 行（上限 350）
  PASS src/client/views/UpdateDialog.js 54 行（上限 350）
  PASS src/client/views/UpdateRestartBanner.js 26 行（上限 350）
  PASS src/client/views/SettingsPage.js 210 行（上限 350）
  PASS src/client/kernel/locale-word.js 324 行（上限 350）

全部通过 — 待重启提示与更新弹窗门禁生效（50 项断言）
真机形态验收（#587：真宿主判据 + 真产物渲染）
  PASS 找得到装在本机使用范围里、且包完好的那份插件（真宿主判据的输入）：desktop
  PASS 读到磁盘上装的那一版（1.7.22）
  PASS 进程与磁盘同版：读到的已装版本就是这一版（1.7.22）
  PASS 进程与磁盘同版：不报缺一次重启（实际 无阻拦）
  PASS 换了清单版本后宿主读到的是新版本号（读的是真文件）
  PASS 磁盘已是新版、进程仍跑旧版：报缺一次重启（实际 pending-restart）
  PASS 按新版重启后（运行版本追上磁盘）缺一次重启消失（实际 无阻拦）
  PASS 已把使用范围里的清单版本还原成原样（1.7.22）
  PASS 真产物注册了配置文件页（settings.plugins.tab）
The current testing environment is not configured to support act(...)
Each child in a list should have a unique "key" prop.

Check the render method of `SettingsPage`. See https://react.dev/link/warning-keys for more information.
Each child in a list should have a unique "key" prop.

Check the render method of `SettingsPage`. See https://react.dev/link/warning-keys for more information.
Each child in a list should have a unique "key" prop.

Check the render method of `SettingsPage`. See https://react.dev/link/warning-keys for more information.
Each child in a list should have a unique "key" prop.

Check the render method of `HoverTip`. It was passed a child from SettingsPage. See https://react.dev/link/warning-keys
 for more information.
Each child in a list should have a unique "key" prop.

Check the render method of `SettingsPage`. See https://react.dev/link/warning-keys for more information.
The current testing environment is not configured to support act(...)
The current testing environment is not configured to support act(...)
The current testing environment is not configured to support act(...)
The current testing environment is not configured to support act(...)
The current testing environment is not configured to support act(...)
The current testing environment is not configured to support act(...)
The current testing environment is not configured to support act(...)
The current testing environment is not configured to support act(...)
The current testing environment is not configured to support act(...)
The current testing environment is not configured to support act(...)
[wsOverview] all= [] wsSample= []
The current testing environment is not configured to support act(...)
  PASS 场景一（已是最新）：按钮显示「检查更新」，页面安静
  PASS 场景一：没有待重启常驻提示
  PASS 场景一：没有弹窗（无新版不打扰）
The current testing environment is not configured to support act(...)
The current testing environment is not configured to support act(...)
The current testing environment is not configured to support act(...)
The current testing environment is not configured to support act(...)
The current testing environment is not configured to support act(...)
The current testing environment is not configured to support act(...)
The current testing environment is not configured to support act(...)
The current testing environment is not configured to support act(...)
The current testing environment is not configured to support act(...)
The current testing environment is not configured to support act(...)
The current testing environment is not configured to support act(...)
The current testing environment is not configured to support act(...)
The current testing environment is not configured to support act(...)
[wsOverview] all= [] wsSample= []
The current testing environment is not configured to support act(...)
  PASS 场景二（装完待重启）：常驻提示出现在配置页上
  PASS 场景二：提示里写明「待手动重启」
  PASS 场景二：提示里同时给出正在跑的与已装的版本号（1.7.20 → 1.7.21）
  PASS 场景二：按钮也转成「待手动重启」
  PASS 场景二：待重启期间按钮禁用（不会重复装）
  PASS 场景二：不再弹窗（这件事交给常驻提示说）
The current testing environment is not configured to support act(...)
The current testing environment is not configured to support act(...)
The current testing environment is not configured to support act(...)
The current testing environment is not configured to support act(...)
The current testing environment is not configured to support act(...)
The current testing environment is not configured to support act(...)
The current testing environment is not configured to support act(...)
The current testing environment is not configured to support act(...)
The current testing environment is not configured to support act(...)
The current testing environment is not configured to support act(...)
The current testing environment is not configured to support act(...)
The current testing environment is not configured to support act(...)
The current testing environment is not configured to support act(...)
[wsOverview] all= [] wsSample= []
The current testing environment is not configured to support act(...)
  PASS 场景三（有新版）：按钮显示「更新至 1.7.21」
  PASS 场景三：有新版时按钮可点（不误禁用）
  PASS 场景三：只读到有新版还不弹窗（要用户自己点）
The current testing environment is not configured to support act(...)
  PASS 弹窗组件可用（真产物里那一行调用的就是它）
The current testing environment is not configured to support act(...)
(node:7172) [MODULE_TYPELESS_PACKAGE_JSON] Warning: Module type of file:///D:/dsh-plugin/dsh-mattpocock-skills-deck/src
/client/views/UpdateDialog.js is not specified and it doesn't parse as CommonJS.
Reparsing as ES module because module syntax was detected. This incurs a performance overhead.
To eliminate this warning, add "type": "module" to \\?\D:\dsh-plugin\dsh-mattpocock-skills-deck\package.json.
(Use `node --trace-warnings ...` to show where the warning was created)
  PASS 场景四：浮层弹窗渲染出来（是浮层，不是页内分组）
  PASS 场景四：浮层用的是仓库现成的遮罩样式（dsws-modal）
  PASS 场景四：浮层里是居中卡片（dsws-modalbox）
  PASS 场景四：弹窗标题写明要装的版本（发现新版本 1.7.21）
  PASS 场景四：弹窗写清「当前哪版、最新哪版」
  PASS 场景四：弹窗提前说明「装完要重启一次才生效」
  PASS 场景四：弹窗里有可复制的手工命令（宿主给的原文）
  PASS 场景四：弹窗里有「安装更新」与「稍后」两个键
The current testing environment is not configured to support act(...)
  PASS 场景四：关掉后页面上不留空壳
The current testing environment is not configured to support act(...)
  PASS 场景四：安装失败时弹窗里写明原因
The current testing environment is not configured to support act(...)

全部通过 — 真机形态验收生效（32 项断言）
(node:58752) [MODULE_TYPELESS_PACKAGE_JSON] Warning: Module type of file:///D:/dsh-plugin/dsh-mattpocock-skills-deck/te
sts/verify-naming-guardian.js is not specified and it doesn't parse as CommonJS.
Reparsing as ES module because module syntax was detected. This incurs a performance overhead.
To eliminate this warning, add "type": "module" to \\?\D:\dsh-plugin\dsh-mattpocock-skills-deck\package.json.
(Use `node --trace-warnings ...` to show where the warning was created)
== 命名守护核心 naming-titles/tracking/attribution.js（#265 · S2 #452 三文件合并）==

— 占位识别（P0）—
  PASS 占位 zh 需求
  PASS 占位 zh bug（容忍首尾空白）
  PASS 占位 en requirement
  PASS 占位 en bug
  PASS 非占位：尾缀突变
  PASS 非占位：草稿档不算占位
  PASS 非占位：空串
  PASS 生成占位 zh requirement
  PASS 生成占位 en bug
  PASS 兼容签名 (type) 默认 zh（Node 无 promptLang）
  PASS 兼容签名 (type, lang=en)

— 草稿标题合成（P1）—
  PASS 无线索裸档 zh
  PASS 无线索裸档 en
  PASS 有线索 zh
  PASS 有线索 en
  PASS 清洗归一（换行/Tab/多空格）
  PASS 清洗剥控制/隐形/ANSI 且 emoji 保留（#205 规则：ESC 序列整体剥除不留空）

— 字节边界 —
  PASS 超长 ASCII ≤120 bytes（got 120）
  PASS 超长以 … 结尾
  PASS 前缀永不截断
  PASS 多字节 UTF-8 ≤120 bytes（got 120）
  PASS 不拆 code point（无 replacement char）
  PASS 产出匹配草稿标题形状正则
  PASS 恰好满预算不截断不加省略号

— 编号档合成（P2 · 共享迁移回归）—
  PASS #n 标题合成
  PASS #n 正则匹配
  PASS 非法 number 抛错
  PASS #n 超长仍 ≤120 bytes 且前缀完整

— 值比对锁 —
  PASS 机器写入后未动 → unlocked
  PASS 机器写入后被改 → locked
  PASS 机器从未写过仍占位 → unlocked
  PASS 首次执行前已被手改 → locked
  PASS 当前标题不可读 → unknown
  PASS 空串标题 → unknown
  PASS 无基准防御态 → unlocked

— 跟踪态 / 状态机 / 计划单 —
  PASS 初态 = 占位档
  PASS 跟踪态含字段 sessionId
  PASS 跟踪态含字段 stage
  PASS 跟踪态含字段 lastMachineTitle
  PASS 跟踪态含字段 baselineTitle
  PASS 跟踪态含字段 locked
  PASS 跟踪态含字段 repoKey
  PASS 跟踪态含字段 createdAt
  PASS 跟踪态含字段 updatedAt
  PASS 线索信号入账
  PASS reducer 返回新对象不改入参（纯函数）
  PASS 有线索立即产单
  PASS 订单附值比对锁信息（基准=注册占位）
  PASS 计划单不含语言相关字面量（只有语义段）
  PASS 无线索未过宽限 → 不出单
  PASS 过线索宽限 → 裸档出单
  PASS 未执行前晚到线索被并入订单
  PASS renamed → 升入草稿档
  PASS 记录机器最后写入值（值比对锚）
  PASS 草稿档后不再出 P1 单（每会话 P1 至多一次）
  PASS 锁定信号生效
  PASS 锁定会话永不出单（永不触碰）
  PASS 编号跃迁为预留位（#266 消费）
  PASS 编号信息随跃迁携带

— 单一真源守卫 —
  PASS host 半运行时引用共享核心三文件（引用合并）
  PASS host 注册操作 wf.namingRegister
  PASS host 注册操作 wf.namingSignal
  PASS host 注册操作 wf.namingPlan
  PASS host 注册操作 wf.namingResult
  PASS host 注册操作（#211 复原 · 建号感知） wf.registerNewSessionWatcher
  PASS host 注册操作（#211 复原 · 建号感知） wf.cancelNewSessionWatcher
  PASS host 注册操作（#211 复原 · 建号感知） wf.awaitCreatedIssue
  PASS host 索引差值/候选取样走共享核心纯函数
  PASS host 索引差值结算 + 即时推进存在
  PASS 旧 #211 内存轮询结构（newSessionWatchers Map）已退役（职责并入持久化守护）
  PASS 跟踪态落盘既有缓存目录
  PASS host 常驻轻量任务随 apply 启动
  PASS 构建登记 shared splice 三文件（client 半同源注入）
  PASS client 闭包挂共享核心三拼接标记
  PASS client apply 启动常驻渲染钩子拉询
  PASS 界面渲染钩子链存在：host.call('wf.namingPlan'
  PASS 界面渲染钩子链存在：host.call('wf.registerNewSessionWatcher'
  PASS 界面渲染钩子链存在：host.call('wf.cancelNewSessionWatcher'
  PASS 界面渲染钩子链存在：host.call('wf.namingResult'
  PASS 界面渲染钩子链存在：executeNamingOrder(
  PASS 界面渲染钩子链存在：evaluateRenameLock(
  PASS 界面渲染钩子链存在：composeDraftTitle(
  PASS 界面渲染钩子链存在：newSessionTitle(
  PASS 界面渲染钩子链存在：o.kind === 'numbered'
  PASS 认领/推送 nudge 的面包屑通道已随 issuePath 彻底移除（#345）；host 侧 wf.awaitCreatedIssue 仍由索引差值驱动
  PASS 旧 #211 内存双通道簿记（pending map/轮询/自动改名）全库清除
  PASS router.js 无第二处命名真源声明
  PASS 面包屑线索信号已随 issuePath 彻底移除（#345）；host 侧 wf.namingSignal 仍保留供其余线索源使用
  PASS userRenamed 死代码全库清除（client 半）
  PASS userRenamed 死代码全库清除（host 半）
  PASS client 内核无第二份核心实现（由共享核心 splice 注入）

— 编号跃迁（P2 · 建号感知消费）—
  PASS 编号信号 → 升入编号档
  PASS 编号随信号入账
  PASS issue 标题随信号入账
  PASS 编号档出 numbered 订单（携编号+标题，无语言字面量）
  PASS numbered 订单附值比对锁信息
  PASS 编号档 rename 落定标记（matched [#n] 前缀）
  PASS 落定后不再出 numbered 单（防重复）
  PASS 非编号名 renamed 不误标 numberedDone
  PASS 仍在等 numbered 单（重试语义）
  PASS 锁定会话编号信号忽略（永不触碰）
  PASS 已有不同编号 → 防串名不覆盖
  PASS 同编号幂等重放携带最新标题
  PASS P1 落地（基线规约不变）
  PASS 草稿档升编号档
  PASS 草稿→编号只发 numbered 单

— 编号归属（索引差值 · 纯函数）—
  PASS 差值取新增编号且升序
  PASS 无变化 → 无新增
  PASS 无前置基线 → 全量（host 侧首轮仅建档不归属）
  PASS 当前快照缺失 → 无新增
  PASS 占位未锁未获号 → 等待中
  PASS 已获号 → 不再等待
  PASS 锁定 → 不再等待
  PASS 精修档 → 不再等待
  PASS 两新号两候选（锁/已获号排除）
  PASS 歧义取最早（createdAt 100）
  PASS 编号升序分配
  PASS 标题随号携带
  PASS 次早（draft 档可被归属）
  PASS 次号给次早候选
  PASS 候选耗尽即止（裸会话不配号，无可归者不入计划单）
  PASS 无新编号 → 无归属
  PASS 同时间戳以 sessionId 决胜（确定性）

— 失败可见性与有限重试（#267）—
  PASS renameFailed 入账计数
  PASS 失败时刻入账
  PASS 错误摘要入账
  PASS 冷却窗内不重复出单（自愈窗口）
  PASS 冷却窗外重新出单（瞬时故障可自愈）
  PASS 未达预算上限 → 无定败画像
  PASS 连败累计达预算上限
  PASS 定败后永不再出单
  PASS 定败画像：身份 + 档位 + 形态
  PASS 定败画像：线索 / 次数 / 末次错误
  PASS 定败画像附值比对锁信息（协商化解依据）
  PASS 手改锁定后不出单（永不触碰）
  PASS 锁定即化解：定败画像清零
  PASS 成功改名清账（预算重开）
  PASS 成功改名清错误摘要
  PASS 值一致收敛仍完成档位跃迁
  PASS 收敛后定败画像消失
  PASS 全新获号重开预算（防跨档拖累）
  PASS 编号档新预算立即可出单
  PASS 锁定会话失败入账忽略

— #267 守卫断言 —
  PASS host namingResult 收 failed 回报
  PASS host failed 走共享核心 renameFailed 入账（单一真源）
  PASS host 定败画像取自共享核心纯函数
  PASS wf.namingPlan 回包携带 failures 清单
  PASS failed 回报回执携带定败标记
  PASS host 半无私藏重试预算常量
  PASS 界面半协商化解函数存在（只读探测绝不盲写）
  PASS 面板级同步函数存在（共享 store 落账）
  PASS 渲染钩子拉询链消费 failures 清单
  PASS 协商化解走同一值比对锁真源
  PASS client 内核无私藏重试预算常量
  PASS DetailsDock 挂载面板级定败横幅（NamingFailBanner 叶子组件）
  PASS 横幅自订阅共享 store（面板级而非会话级）
  PASS 横幅消费共享 store 定败清单（渲染钩子落账）
  PASS 面板级定败横幅节点存在（非目标会话内 toast）
  PASS 横幅文案经 locale（双语跟随）
  PASS locale 双语配对键：naming.failTitle
  PASS locale 双语配对键：naming.failHint
  PASS locale 双语配对键：naming.stageDraft
  PASS 重试预算常量单一真源在共享核心
  PASS 定败画像档位形态判定在核心

全部通过 (164 checks)
== #315 新会话草稿体验守护（2026-08-30 回滚）==
--- src/client/kernel/api-naming.js+api-workspace.js+api-new-session.js+api-io.js（拼合） ---
  PASS src/client/kernel/api-naming.js+api-workspace.js+api-new-session.js+api-io.js（拼合） openTextInNewSession 源码可提取（锚点保留）
  PASS src/client/kernel/api-naming.js+api-workspace.js+api-new-session.js+api-io.js（拼合） 工作区查找块含 resolveWorkspaceEntry（#636 拆分）
  PASS src/client/kernel/api-naming.js+api-workspace.js+api-new-session.js+api-io.js（拼合） 源码不含 seedNewSession（已回滚）
  PASS src/client/kernel/api-naming.js+api-workspace.js+api-new-session.js+api-io.js（拼合） 源码不含 face.prompt 自动发送（草稿-only）
  PASS src/client/kernel/api-naming.js+api-workspace.js+api-new-session.js+api-io.js（拼合） 源码含 pendingDraft = text（草稿挂载）
  PASS src/client/kernel/api-naming.js+api-workspace.js+api-new-session.js+api-io.js（拼合） 源码含 pendingDraftTargetSid = sid（sid 锚定）
  PASS src/client/kernel/api-naming.js+api-workspace.js+api-new-session.js+api-io.js（拼合） 源码含回滚注释（可追溯）
  PASS src/client/kernel/api-naming.js+api-workspace.js+api-new-session.js+api-io.js（拼合） 创建调用携带 workspaceId（同工作区）
  PASS src/client/kernel/api-naming.js+api-workspace.js+api-new-session.js+api-io.js（拼合） 创建后 open 切换到新会话
  PASS src/client/kernel/api-naming.js+api-workspace.js+api-new-session.js+api-io.js（拼合） 有 prompt 能力时也不调用 face.prompt（草稿-only 约束）
  PASS src/client/kernel/api-naming.js+api-workspace.js+api-new-session.js+api-io.js（拼合） 有 prompt 能力时仍挂草稿（pendingDraft + target sid）
  PASS src/client/kernel/api-naming.js+api-workspace.js+api-new-session.js+api-io.js（拼合） 无 prompt 能力时不调用 prompt
  PASS src/client/kernel/api-naming.js+api-workspace.js+api-new-session.js+api-io.js（拼合） 回退原预填草稿路径（pendingDraft + target sid）
--- package/lib/client.js ---
  PASS package/lib/client.js openTextInNewSession 源码可提取（锚点保留）
  PASS package/lib/client.js 工作区查找块含 resolveWorkspaceEntry（#636 拆分）
  PASS package/lib/client.js 源码不含 seedNewSession（已回滚）
  PASS package/lib/client.js 源码不含 face.prompt 自动发送（草稿-only）
  PASS package/lib/client.js 源码含 pendingDraft = text（草稿挂载）
  PASS package/lib/client.js 源码含 pendingDraftTargetSid = sid（sid 锚定）
  PASS package/lib/client.js 源码含回滚注释（可追溯）
  PASS package/lib/client.js 创建调用携带 workspaceId（同工作区）
  PASS package/lib/client.js 创建后 open 切换到新会话
  PASS package/lib/client.js 有 prompt 能力时也不调用 face.prompt（草稿-only 约束）
  PASS package/lib/client.js 有 prompt 能力时仍挂草稿（pendingDraft + target sid）
  PASS package/lib/client.js 无 prompt 能力时不调用 prompt
  PASS package/lib/client.js 回退原预填草稿路径（pendingDraft + target sid）

PASS all 26 checks
== #362/#363 新会话必为 PTC 可判定门禁 + 单点工厂（#363）==
--- src/client/kernel/api-naming.js+api-workspace.js+api-new-session.js+api-io.js+api-preset-guard.js（拼合） ---
  PASS src/client/kernel/api-naming.js+api-workspace.js+api-new-session.js+api-io.js+api-preset-guard.js（拼合） openTextInNewSession 源码可提取（锚点保留）
  PASS src/client/kernel/api-naming.js+api-workspace.js+api-new-session.js+api-io.js+api-preset-guard.js（拼合） 单点工厂块可提取
  PASS src/client/kernel/api-naming.js+api-workspace.js+api-new-session.js+api-io.js+api-preset-guard.js（拼合） 工作区查找块含 resolveWorkspaceEntry（#636 拆分）
  PASS src/client/kernel/api-naming.js+api-workspace.js+api-new-session.js+api-io.js+api-preset-guard.js（拼合） 预设守卫块可提取且含后验编排（#478）
  PASS src/client/kernel/api-naming.js+api-workspace.js+api-new-session.js+api-io.js+api-preset-guard.js（拼合） 源码含 agentPreset 显式 ptc（判据 P）
  PASS src/client/kernel/api-naming.js+api-workspace.js+api-new-session.js+api-io.js+api-preset-guard.js（拼合） 源码中 agentPreset 出现 >=2 次（两分支均带）—实际 20
  PASS src/client/kernel/api-naming.js+api-workspace.js+api-new-session.js+api-io.js+api-preset-guard.js（拼合） 源码不含旧裸 createOpts（无 preset 形态已移除）
  PASS src/client/kernel/api-naming.js+api-workspace.js+api-new-session.js+api-io.js+api-preset-guard.js（拼合） 源码含 buildCreateOpts（单点入参构造）
  PASS src/client/kernel/api-naming.js+api-workspace.js+api-new-session.js+api-io.js+api-preset-guard.js（拼合） 源码含 createPTCSession（单点工厂）
  PASS src/client/kernel/api-naming.js+api-workspace.js+api-new-session.js+api-io.js+api-preset-guard.js（拼合） 工厂块内显式携带 ptc
  PASS src/client/kernel/api-naming.js+api-workspace.js+api-new-session.js+api-io.js+api-preset-guard.js（拼合） openTextInNewSession 经单点工厂/构造创建（非直连裸参）
  PASS src/client/kernel/api-naming.js+api-workspace.js+api-new-session.js+api-io.js+api-preset-guard.js（拼合） 源码含 isReusableBlank（闸门谓词）
  PASS src/client/kernel/api-naming.js+api-workspace.js+api-new-session.js+api-io.js+api-preset-guard.js（拼合） 源码含 getRowPreset（预设抽取，回退 header）
  PASS src/client/kernel/api-naming.js+api-workspace.js+api-new-session.js+api-io.js+api-preset-guard.js（拼合） 源码含 isHealthyPreset（字面 code 判不健康）
  PASS src/client/kernel/api-naming.js+api-workspace.js+api-new-session.js+api-io.js+api-preset-guard.js（拼合） openTextInNewSession 内 isReusableBlank 调用 >=2（两级同形）—实际 4
  PASS src/client/kernel/api-naming.js+api-workspace.js+api-new-session.js+api-io.js+api-preset-guard.js（拼合） 工厂块含空永不复用语义（!normRow 拒绝）
  PASS src/client/kernel/api-naming.js+api-workspace.js+api-new-session.js+api-io.js+api-preset-guard.js（拼合） 预设守卫块含探针/后验/隔离（#478）
  PASS src/client/kernel/api-naming.js+api-workspace.js+api-new-session.js+api-io.js+api-preset-guard.js（拼合） openTextInNewSession 经后验编排创建（#478 绝不 open code）
  PASS src/client/kernel/api-naming.js+api-workspace.js+api-new-session.js+api-io.js+api-preset-guard.js（拼合） 创建后验双命中走 PresetBlocked 大声失败（#478）
  PASS src/client/kernel/api-naming.js+api-workspace.js+api-new-session.js+api-io.js+api-preset-guard.js（拼合） buildCreateOpts(有 wid) → {workspaceId,ptc}
  PASS src/client/kernel/api-naming.js+api-workspace.js+api-new-session.js+api-io.js+api-preset-guard.js（拼合） buildCreateOpts(无 wid) → {cwd,ptc}
  PASS src/client/kernel/api-naming.js+api-workspace.js+api-new-session.js+api-io.js+api-preset-guard.js（拼合） buildCreateOpts 优先 workspaceId
  PASS src/client/kernel/api-naming.js+api-workspace.js+api-new-session.js+api-io.js+api-preset-guard.js（拼合） isReusableBlank 健康同区 → 可复用
  PASS src/client/kernel/api-naming.js+api-workspace.js+api-new-session.js+api-io.js+api-preset-guard.js（拼合） isReusableBlank code 同区 → 不可复用（幽灵拒绝）
  PASS src/client/kernel/api-naming.js+api-workspace.js+api-new-session.js+api-io.js+api-preset-guard.js（拼合） isReusableBlank 空 cwd → 不可复用（空隔离）
  PASS src/client/kernel/api-naming.js+api-workspace.js+api-new-session.js+api-io.js+api-preset-guard.js（拼合） isReusableBlank 跨区健康 → 不可复用（工作区隔离）
  PASS src/client/kernel/api-naming.js+api-workspace.js+api-new-session.js+api-io.js+api-preset-guard.js（拼合） isReusableBlank 非空白 → 不可复用
  PASS src/client/kernel/api-naming.js+api-workspace.js+api-new-session.js+api-io.js+api-preset-guard.js（拼合） isReusableBlank header code 回退 → 不可复用
  PASS src/client/kernel/api-naming.js+api-workspace.js+api-new-session.js+api-io.js+api-preset-guard.js（拼合） isReusableBlank 空对空 → 不可复用（悬空桶不续命）
  PASS src/client/kernel/api-naming.js+api-workspace.js+api-new-session.js+api-io.js+api-preset-guard.js（拼合） isReusableBlank 空预设同区 → 不可复用（#478 未知即不可复用）
  PASS src/client/kernel/api-naming.js+api-workspace.js+api-new-session.js+api-io.js+api-preset-guard.js（拼合） isReusableBlank 缺预设字段同区 → 不可复用（#478 未知即不可复用）
  PASS src/client/kernel/api-naming.js+api-workspace.js+api-new-session.js+api-io.js+api-preset-guard.js（拼合） isReusableBlank 空白预设同区 → 不可复用（#478 未知即不可复用）
  PASS src/client/kernel/api-naming.js+api-workspace.js+api-new-session.js+api-io.js+api-preset-guard.js（拼合） isReusableBlank broken 同区 → 不可复用（#478）
  PASS src/client/kernel/api-naming.js+api-workspace.js+api-new-session.js+api-io.js+api-preset-guard.js（拼合） isHealthyPreset 空/缺 → 不健康（#478）
  PASS src/client/kernel/api-naming.js+api-workspace.js+api-new-session.js+api-io.js+api-preset-guard.js（拼合） verifyFreshPreset code 行 → bad（#478）
  PASS src/client/kernel/api-naming.js+api-workspace.js+api-new-session.js+api-io.js+api-preset-guard.js（拼合） verifyFreshPreset broken 行 → bad（#478）
  PASS src/client/kernel/api-naming.js+api-workspace.js+api-new-session.js+api-io.js+api-preset-guard.js（拼合） verifyFreshPreset ptc 行 → ok（#478）
  PASS src/client/kernel/api-naming.js+api-workspace.js+api-new-session.js+api-io.js+api-preset-guard.js（拼合） verifyFreshPreset 快照无此行 → unknown（#478 快照滞后不阻断）
  PASS src/client/kernel/api-naming.js+api-workspace.js+api-new-session.js+api-io.js+api-preset-guard.js（拼合） verifyFreshPreset 无快照能力 → unknown（#478）
  PASS src/client/kernel/api-naming.js+api-workspace.js+api-new-session.js+api-io.js+api-preset-guard.js（拼合） verifyFreshPreset 实时对象 code 覆盖快照 → bad（#478）
  PASS src/client/kernel/api-naming.js+api-workspace.js+api-new-session.js+api-io.js+api-preset-guard.js（拼合） tryQuarantineSession 有 close 能力 → 隔离 true（#478）
  PASS src/client/kernel/api-naming.js+api-workspace.js+api-new-session.js+api-io.js+api-preset-guard.js（拼合） tryQuarantineSession 无关闭能力 → false 但不抛（#478）
  PASS src/client/kernel/api-naming.js+api-workspace.js+api-new-session.js+api-io.js+api-preset-guard.js（拼合） tryQuarantineSession 空 sessions → false（#478）
  PASS src/client/kernel/api-naming.js+api-workspace.js+api-new-session.js+api-io.js+api-preset-guard.js（拼合） 后验编排：好会话直接返回（#478）
  PASS src/client/kernel/api-naming.js+api-workspace.js+api-new-session.js+api-io.js+api-preset-guard.js（拼合） 后验编排：首坏隔离重建后返回好的（#478）
  PASS src/client/kernel/api-naming.js+api-workspace.js+api-new-session.js+api-io.js+api-preset-guard.js（拼合） 后验编排：双坏抛 preset-blocked（#478）
  PASS src/client/kernel/api-naming.js+api-workspace.js+api-new-session.js+api-io.js+api-preset-guard.js（拼合） isReusableBlank 择优：仅健康同区胜出
  PASS src/client/kernel/api-naming.js+api-workspace.js+api-new-session.js+api-io.js+api-preset-guard.js（拼合） createPTCSession 内原子化挂载 pendingDraft
  PASS src/client/kernel/api-naming.js+api-workspace.js+api-new-session.js+api-io.js+api-preset-guard.js（拼合） createPTCSession 经 buildCreateOpts 显式 ptc（buildCreateOpts 已验含 ptc）
  PASS src/client/kernel/api-naming.js+api-workspace.js+api-new-session.js+api-io.js+api-preset-guard.js（拼合） createPTCSession 内调用 sessions.create（单点出口）
  PASS src/client/kernel/api-naming.js+api-workspace.js+api-new-session.js+api-io.js+api-preset-guard.js（拼合） 集成闸门：code+空 快照 → 新建且含 ptc（不复用幽灵）
  PASS src/client/kernel/api-naming.js+api-workspace.js+api-new-session.js+api-io.js+api-preset-guard.js（拼合） 集成闸门：code+空 快照 → 新建携带工作区归属
  PASS src/client/kernel/api-naming.js+api-workspace.js+api-new-session.js+api-io.js+api-preset-guard.js（拼合） 集成闸门：code+空 快照 → open 新 sid（非复用）
  PASS src/client/kernel/api-naming.js+api-workspace.js+api-new-session.js+api-io.js+api-preset-guard.js（拼合） 集成闸门：健康同区 存在 → 复用健康者（跳过 code）
  PASS src/client/kernel/api-naming.js+api-workspace.js+api-new-session.js+api-io.js+api-preset-guard.js（拼合） 集成闸门：跨区健康 → 不复用走新建
  PASS src/client/kernel/api-naming.js+api-workspace.js+api-new-session.js+api-io.js+api-preset-guard.js（拼合） 集成闸门：当前会话为 code 幽灵 → 不复用自身走新建
  PASS src/client/kernel/api-naming.js+api-workspace.js+api-new-session.js+api-io.js+api-preset-guard.js（拼合） 创建后验：首建 code → 重建一次（#478）
  PASS src/client/kernel/api-naming.js+api-workspace.js+api-new-session.js+api-io.js+api-preset-guard.js（拼合） 创建后验：code 新会话被隔离（#478）
  PASS src/client/kernel/api-naming.js+api-workspace.js+api-new-session.js+api-io.js+api-preset-guard.js（拼合） 创建后验：打开重建好的会话，绝不打开 code（#478）
  PASS src/client/kernel/api-naming.js+api-workspace.js+api-new-session.js+api-io.js+api-preset-guard.js（拼合） 创建后验：双 code → 一个都不打开（#478）
  PASS src/client/kernel/api-naming.js+api-workspace.js+api-new-session.js+api-io.js+api-preset-guard.js（拼合） 创建后验：双 code → 大声失败并回填当前会话（#478）
--- package/lib/client.js ---
  PASS package/lib/client.js openTextInNewSession 源码可提取（锚点保留）
  PASS package/lib/client.js 单点工厂块可提取
  PASS package/lib/client.js 工作区查找块含 resolveWorkspaceEntry（#636 拆分）
  PASS package/lib/client.js 预设守卫块可提取且含后验编排（#478）
  PASS package/lib/client.js 源码含 agentPreset 显式 ptc（判据 P）
  PASS package/lib/client.js 源码中 agentPreset 出现 >=2 次（两分支均带）—实际 20
  PASS package/lib/client.js 源码不含旧裸 createOpts（无 preset 形态已移除）
  PASS package/lib/client.js 源码含 buildCreateOpts（单点入参构造）
  PASS package/lib/client.js 源码含 createPTCSession（单点工厂）
  PASS package/lib/client.js 工厂块内显式携带 ptc
  PASS package/lib/client.js openTextInNewSession 经单点工厂/构造创建（非直连裸参）
  PASS package/lib/client.js 源码含 isReusableBlank（闸门谓词）
  PASS package/lib/client.js 源码含 getRowPreset（预设抽取，回退 header）
  PASS package/lib/client.js 源码含 isHealthyPreset（字面 code 判不健康）
  PASS package/lib/client.js openTextInNewSession 内 isReusableBlank 调用 >=2（两级同形）—实际 4
  PASS package/lib/client.js 工厂块含空永不复用语义（!normRow 拒绝）
  PASS package/lib/client.js 预设守卫块含探针/后验/隔离（#478）
  PASS package/lib/client.js openTextInNewSession 经后验编排创建（#478 绝不 open code）
  PASS package/lib/client.js 创建后验双命中走 PresetBlocked 大声失败（#478）
  PASS package/lib/client.js buildCreateOpts(有 wid) → {workspaceId,ptc}
  PASS package/lib/client.js buildCreateOpts(无 wid) → {cwd,ptc}
  PASS package/lib/client.js buildCreateOpts 优先 workspaceId
  PASS package/lib/client.js isReusableBlank 健康同区 → 可复用
  PASS package/lib/client.js isReusableBlank code 同区 → 不可复用（幽灵拒绝）
  PASS package/lib/client.js isReusableBlank 空 cwd → 不可复用（空隔离）
  PASS package/lib/client.js isReusableBlank 跨区健康 → 不可复用（工作区隔离）
  PASS package/lib/client.js isReusableBlank 非空白 → 不可复用
  PASS package/lib/client.js isReusableBlank header code 回退 → 不可复用
  PASS package/lib/client.js isReusableBlank 空对空 → 不可复用（悬空桶不续命）
  PASS package/lib/client.js isReusableBlank 空预设同区 → 不可复用（#478 未知即不可复用）
  PASS package/lib/client.js isReusableBlank 缺预设字段同区 → 不可复用（#478 未知即不可复用）
  PASS package/lib/client.js isReusableBlank 空白预设同区 → 不可复用（#478 未知即不可复用）
  PASS package/lib/client.js isReusableBlank broken 同区 → 不可复用（#478）
  PASS package/lib/client.js isHealthyPreset 空/缺 → 不健康（#478）
  PASS package/lib/client.js verifyFreshPreset code 行 → bad（#478）
  PASS package/lib/client.js verifyFreshPreset broken 行 → bad（#478）
  PASS package/lib/client.js verifyFreshPreset ptc 行 → ok（#478）
  PASS package/lib/client.js verifyFreshPreset 快照无此行 → unknown（#478 快照滞后不阻断）
  PASS package/lib/client.js verifyFreshPreset 无快照能力 → unknown（#478）
  PASS package/lib/client.js verifyFreshPreset 实时对象 code 覆盖快照 → bad（#478）
  PASS package/lib/client.js tryQuarantineSession 有 close 能力 → 隔离 true（#478）
  PASS package/lib/client.js tryQuarantineSession 无关闭能力 → false 但不抛（#478）
  PASS package/lib/client.js tryQuarantineSession 空 sessions → false（#478）
  PASS package/lib/client.js 后验编排：好会话直接返回（#478）
  PASS package/lib/client.js 后验编排：首坏隔离重建后返回好的（#478）
  PASS package/lib/client.js 后验编排：双坏抛 preset-blocked（#478）
  PASS package/lib/client.js isReusableBlank 择优：仅健康同区胜出
  PASS package/lib/client.js createPTCSession 内原子化挂载 pendingDraft
  PASS package/lib/client.js createPTCSession 经 buildCreateOpts 显式 ptc（buildCreateOpts 已验含 ptc）
  PASS package/lib/client.js createPTCSession 内调用 sessions.create（单点出口）
  PASS package/lib/client.js 集成闸门：code+空 快照 → 新建且含 ptc（不复用幽灵）
  PASS package/lib/client.js 集成闸门：code+空 快照 → 新建携带工作区归属
  PASS package/lib/client.js 集成闸门：code+空 快照 → open 新 sid（非复用）
  PASS package/lib/client.js 集成闸门：健康同区 存在 → 复用健康者（跳过 code）
  PASS package/lib/client.js 集成闸门：跨区健康 → 不复用走新建
  PASS package/lib/client.js 集成闸门：当前会话为 code 幽灵 → 不复用自身走新建
  PASS package/lib/client.js 创建后验：首建 code → 重建一次（#478）
  PASS package/lib/client.js 创建后验：code 新会话被隔离（#478）
  PASS package/lib/client.js 创建后验：打开重建好的会话，绝不打开 code（#478）
  PASS package/lib/client.js 创建后验：双 code → 一个都不打开（#478）
  PASS package/lib/client.js 创建后验：双 code → 大声失败并回填当前会话（#478）

PASS all 122 checks
== #364 工作区回退与首条注入保真（兼容 alpha 新参）==
--- src/client/kernel/api-naming.js+api-workspace.js+api-new-session.js+api-io.js（拼合） ---
  PASS src/client/kernel/api-naming.js+api-workspace.js+api-new-session.js+api-io.js（拼合） 单点工厂块可提取
  PASS src/client/kernel/api-naming.js+api-workspace.js+api-new-session.js+api-io.js（拼合） openTextInNewSession 可提取
  PASS src/client/kernel/api-naming.js+api-workspace.js+api-new-session.js+api-io.js（拼合） ensureWorkspaceId 可提取
  PASS src/client/kernel/api-naming.js+api-workspace.js+api-new-session.js+api-io.js（拼合） 工作区查找块可提取（含 resolveWorkspaceEntry）
  PASS src/client/kernel/api-naming.js+api-workspace.js+api-new-session.js+api-io.js（拼合） 工作区查找含 #364 矩阵注释
  PASS src/client/kernel/api-naming.js+api-workspace.js+api-new-session.js+api-io.js（拼合） 工作区查找含 workspaces.create
  PASS src/client/kernel/api-naming.js+api-workspace.js+api-new-session.js+api-io.js（拼合） 工作区查找以 {path:cwd} 为主
  PASS src/client/kernel/api-naming.js+api-workspace.js+api-new-session.js+api-io.js（拼合） 工作区查找含 {cwd} 兼容回退
  PASS src/client/kernel/api-naming.js+api-workspace.js+api-new-session.js+api-io.js（拼合） 工作区查找失败回落 null（不阻断）
  PASS src/client/kernel/api-naming.js+api-workspace.js+api-new-session.js+api-io.js（拼合） 工作区查找空 cwd/无服务回落 null
  PASS src/client/kernel/api-naming.js+api-workspace.js+api-new-session.js+api-io.js（拼合） 工作区查找兼容多形态 w.path/ workspacePath
  PASS src/client/kernel/api-naming.js+api-workspace.js+api-new-session.js+api-io.js（拼合） 工作区查找兼容 snap.workspaces 形态
  PASS src/client/kernel/api-naming.js+api-workspace.js+api-new-session.js+api-io.js（拼合） ensureWorkspaceId 薄转发调 resolveWorkspaceEntry（#636 拆分）
  PASS src/client/kernel/api-naming.js+api-workspace.js+api-new-session.js+api-io.js（拼合） 工厂块含 buildCreateOpts
  PASS src/client/kernel/api-naming.js+api-workspace.js+api-new-session.js+api-io.js（拼合） buildCreateOpts 显式 ptc
  PASS src/client/kernel/api-naming.js+api-workspace.js+api-new-session.js+api-io.js（拼合） 工厂块含 #364 注释（回退矩阵）
  PASS src/client/kernel/api-naming.js+api-workspace.js+api-new-session.js+api-io.js（拼合） createPTCSession 原子挂载 pendingDraft
  PASS src/client/kernel/api-naming.js+api-workspace.js+api-new-session.js+api-io.js（拼合） createPTCSession 含 preset 兼容回退
  PASS src/client/kernel/api-naming.js+api-workspace.js+api-new-session.js+api-io.js（拼合） createPTCSession 经 buildCreateOpts 且提及 workspaceId
  PASS src/client/kernel/api-naming.js+api-workspace.js+api-new-session.js+api-io.js（拼合） createPTCSession 含 workspaceId 失败回退语义
  PASS src/client/kernel/api-naming.js+api-workspace.js+api-new-session.js+api-io.js（拼合） createPTCSession 含 catch 回退（兼容 alpha）
  PASS src/client/kernel/api-naming.js+api-workspace.js+api-new-session.js+api-io.js（拼合） ensureWorkspaceId 命中已登记 → 复用 wid
  PASS src/client/kernel/api-naming.js+api-workspace.js+api-new-session.js+api-io.js（拼合） ensureWorkspaceId 未命中 → 创建 {path:cwd}
  PASS src/client/kernel/api-naming.js+api-workspace.js+api-new-session.js+api-io.js（拼合） ensureWorkspaceId 创建失败 → 回落 null
  PASS src/client/kernel/api-naming.js+api-workspace.js+api-new-session.js+api-io.js（拼合） ensureWorkspaceId alpha path bad-request → 回退 {cwd}
  PASS src/client/kernel/api-naming.js+api-workspace.js+api-new-session.js+api-io.js（拼合） ensureWorkspaceId 无 workspaces → null
  PASS src/client/kernel/api-naming.js+api-workspace.js+api-new-session.js+api-io.js（拼合） ensureWorkspaceId 空 cwd → null
  PASS src/client/kernel/api-naming.js+api-workspace.js+api-new-session.js+api-io.js（拼合） ensureWorkspaceId null cwd → null
  PASS src/client/kernel/api-naming.js+api-workspace.js+api-new-session.js+api-io.js（拼合） ensureWorkspaceId 兼容按编号存的对象形状（取对象里每一项）
  PASS src/client/kernel/api-naming.js+api-workspace.js+api-new-session.js+api-io.js（拼合） ensureWorkspaceId 对象与数组共存时两边都收（不互斥丢弃）
  PASS src/client/kernel/api-naming.js+api-workspace.js+api-new-session.js+api-io.js（拼合） ensureWorkspaceId 认 dir 等更多路径字段（与设置页总览同口径）
  PASS src/client/kernel/api-naming.js+api-workspace.js+api-new-session.js+api-io.js（拼合） ensureWorkspaceId 兼容 snap.workspaces 形态
  PASS src/client/kernel/api-naming.js+api-workspace.js+api-new-session.js+api-io.js（拼合） ensureWorkspaceId 兼容数组 snapshot 形态
  PASS src/client/kernel/api-naming.js+api-workspace.js+api-new-session.js+api-io.js（拼合） ensureWorkspaceId 命中同路返回 wid
  PASS src/client/kernel/api-naming.js+api-workspace.js+api-new-session.js+api-io.js（拼合） ensureWorkspaceId 命中同路返回登记项名单
  PASS src/client/kernel/api-naming.js+api-workspace.js+api-new-session.js+api-io.js（拼合） buildCreateOpts(有 wid) → {workspaceId,ptc}（互斥）
  PASS src/client/kernel/api-naming.js+api-workspace.js+api-new-session.js+api-io.js（拼合） buildCreateOpts(无 wid) → {cwd,ptc}
  PASS src/client/kernel/api-naming.js+api-workspace.js+api-new-session.js+api-io.js（拼合） buildCreateOpts(空 cwd) 仍含 ptc（不漂移）
  PASS src/client/kernel/api-naming.js+api-workspace.js+api-new-session.js+api-io.js（拼合） buildCreateOpts 优先 workspaceId 互斥 cwd
  PASS src/client/kernel/api-naming.js+api-workspace.js+api-new-session.js+api-io.js（拼合） createPTCSession 源码含回退与原子挂载
  PASS src/client/kernel/api-naming.js+api-workspace.js+api-new-session.js+api-io.js（拼合） createPTCSession 有 wid → {workspaceId,ptc} 且原子挂载
  PASS src/client/kernel/api-naming.js+api-workspace.js+api-new-session.js+api-io.js（拼合） createPTCSession 无 wid → {cwd,ptc} 且原子挂载
  PASS src/client/kernel/api-naming.js+api-workspace.js+api-new-session.js+api-io.js（拼合） createPTCSession workspaceId 失败 → 回落 cwd+ptc 仍挂载
  PASS src/client/kernel/api-naming.js+api-workspace.js+api-new-session.js+api-io.js（拼合） createPTCSession agentPreset 更名 → presetId 回退仍挂载
  PASS src/client/kernel/api-naming.js+api-workspace.js+api-new-session.js+api-io.js（拼合） 集成：cwd 缺失 → fallback 注入（不创建）
  PASS src/client/kernel/api-naming.js+api-workspace.js+api-new-session.js+api-io.js（拼合） 集成：workspaces.create 失败 → 回落 {cwd,ptc} 创建
  PASS src/client/kernel/api-naming.js+api-workspace.js+api-new-session.js+api-io.js（拼合） 集成：回落创建仍原子挂载 pendingDraft
  PASS src/client/kernel/api-naming.js+api-workspace.js+api-new-session.js+api-io.js（拼合） 集成：命中工作区 → {workspaceId,ptc} 创建
  PASS src/client/kernel/api-naming.js+api-workspace.js+api-new-session.js+api-io.js（拼合） 集成：命中创建仍挂载首条
--- package/lib/client.js ---
  PASS package/lib/client.js 单点工厂块可提取
  PASS package/lib/client.js openTextInNewSession 可提取
  PASS package/lib/client.js ensureWorkspaceId 可提取
  PASS package/lib/client.js 工作区查找块可提取（含 resolveWorkspaceEntry）
  PASS package/lib/client.js 工作区查找含 #364 矩阵注释
  PASS package/lib/client.js 工作区查找含 workspaces.create
  PASS package/lib/client.js 工作区查找以 {path:cwd} 为主
  PASS package/lib/client.js 工作区查找含 {cwd} 兼容回退
  PASS package/lib/client.js 工作区查找失败回落 null（不阻断）
  PASS package/lib/client.js 工作区查找空 cwd/无服务回落 null
  PASS package/lib/client.js 工作区查找兼容多形态 w.path/ workspacePath
  PASS package/lib/client.js 工作区查找兼容 snap.workspaces 形态
  PASS package/lib/client.js ensureWorkspaceId 薄转发调 resolveWorkspaceEntry（#636 拆分）
  PASS package/lib/client.js 工厂块含 buildCreateOpts
  PASS package/lib/client.js buildCreateOpts 显式 ptc
  PASS package/lib/client.js 工厂块含 #364 注释（回退矩阵）
  PASS package/lib/client.js createPTCSession 原子挂载 pendingDraft
  PASS package/lib/client.js createPTCSession 含 preset 兼容回退
  PASS package/lib/client.js createPTCSession 经 buildCreateOpts 且提及 workspaceId
  PASS package/lib/client.js createPTCSession 含 workspaceId 失败回退语义
  PASS package/lib/client.js createPTCSession 含 catch 回退（兼容 alpha）
  PASS package/lib/client.js ensureWorkspaceId 命中已登记 → 复用 wid
  PASS package/lib/client.js ensureWorkspaceId 未命中 → 创建 {path:cwd}
  PASS package/lib/client.js ensureWorkspaceId 创建失败 → 回落 null
  PASS package/lib/client.js ensureWorkspaceId alpha path bad-request → 回退 {cwd}
  PASS package/lib/client.js ensureWorkspaceId 无 workspaces → null
  PASS package/lib/client.js ensureWorkspaceId 空 cwd → null
  PASS package/lib/client.js ensureWorkspaceId null cwd → null
  PASS package/lib/client.js ensureWorkspaceId 兼容按编号存的对象形状（取对象里每一项）
  PASS package/lib/client.js ensureWorkspaceId 对象与数组共存时两边都收（不互斥丢弃）
  PASS package/lib/client.js ensureWorkspaceId 认 dir 等更多路径字段（与设置页总览同口径）
  PASS package/lib/client.js ensureWorkspaceId 兼容 snap.workspaces 形态
  PASS package/lib/client.js ensureWorkspaceId 兼容数组 snapshot 形态
  PASS package/lib/client.js ensureWorkspaceId 命中同路返回 wid
  PASS package/lib/client.js ensureWorkspaceId 命中同路返回登记项名单
  PASS package/lib/client.js buildCreateOpts(有 wid) → {workspaceId,ptc}（互斥）
  PASS package/lib/client.js buildCreateOpts(无 wid) → {cwd,ptc}
  PASS package/lib/client.js buildCreateOpts(空 cwd) 仍含 ptc（不漂移）
  PASS package/lib/client.js buildCreateOpts 优先 workspaceId 互斥 cwd
  PASS package/lib/client.js createPTCSession 源码含回退与原子挂载
  PASS package/lib/client.js createPTCSession 有 wid → {workspaceId,ptc} 且原子挂载
  PASS package/lib/client.js createPTCSession 无 wid → {cwd,ptc} 且原子挂载
  PASS package/lib/client.js createPTCSession workspaceId 失败 → 回落 cwd+ptc 仍挂载
  PASS package/lib/client.js createPTCSession agentPreset 更名 → presetId 回退仍挂载
  PASS package/lib/client.js 集成：cwd 缺失 → fallback 注入（不创建）
  PASS package/lib/client.js 集成：workspaces.create 失败 → 回落 {cwd,ptc} 创建
  PASS package/lib/client.js 集成：回落创建仍原子挂载 pendingDraft
  PASS package/lib/client.js 集成：命中工作区 → {workspaceId,ptc} 创建
  PASS package/lib/client.js 集成：命中创建仍挂载首条

PASS all 98 checks
  PASS 路径与编号读 handle
  PASS 编号含大小写变体 workspaceID
  PASS 快照收 rows
  PASS 快照收 data 包裹
  PASS 快照收 workspacesById
  PASS 快照收 entries
  PASS 创建试探 workspacePath 别名
  PASS 创建试探 directory 别名
  PASS 创建别名按序试探
  PASS 接受字符串编号返回
  PASS 按路径找登记项带回整项
  PASS 新会话经薄转发调工作区查找
  PASS 复用凭归属放行
  PASS 凭登记项名单验归属
  PASS 当前会话自复用同样验归属
  PASS 编号与登记项同路返回

全部通过 — 工作区编号升级兼容生效
T3: 双语字典一致性
  PASS client.js (582 键 × zh/en，398 处引用)
  PASS package/lib/client.js (582 键 × zh/en，398 处引用)

全部通过
(node:57376) [MODULE_TYPELESS_PACKAGE_JSON] Warning: Module type of file:///D:/dsh-plugin/dsh-mattpocock-skills-deck/sr
c/client/kernel/locale-panel.js is not specified and it doesn't parse as CommonJS.
Reparsing as ES module because module syntax was detected. This incurs a performance overhead.
To eliminate this warning, add "type": "module" to \\?\D:\dsh-plugin\dsh-mattpocock-skills-deck\package.json.
(Use `node --trace-warnings ...` to show where the warning was created)
== #664 · 仓库那一步没过：无论走哪条入口，一个字都不注入、也不弹卡 ==
  PASS 仓库没就绪 · 能弹卡来的入口（allowCard:true） → 决定是「不注入」（实得 blocked）
  PASS 仓库没就绪 · 能弹卡来的入口（allowCard:true） → 一个字都没注入
  PASS 仓库没就绪 · 能弹卡来的入口（allowCard:true） → 那张小卡没被要求打开
  PASS 仓库没就绪 · 只取决定的入口（injectNow:false, allowCard:true） → 决定是「不注入」（实得 blocked）
  PASS 仓库没就绪 · 只取决定的入口（injectNow:false, allowCard:true） → 一个字都没注入
  PASS 仓库没就绪 · 只取决定的入口（injectNow:false, allowCard:true） → 那张小卡没被要求打开
  PASS 仓库没就绪 · 拿不到卡的入口（不传 opts） → 决定是「不注入」（实得 blocked）
  PASS 仓库没就绪 · 拿不到卡的入口（不传 opts） → 一个字都没注入
  PASS 仓库没就绪 · 拿不到卡的入口（不传 opts） → 那张小卡没被要求打开
  PASS 判据：仓库那一步没过 → 算「挡住初始化」
  PASS 判据：仓库那一步绿了 → 不挡
  PASS 判据：本地 Markdown 没有那一步，永远不挡
== #655 · 能弹出卡来的入口（allowCard）：布局未定时先问，不注入 ==
  PASS 布局未选 · github → 决定是先问（实得 setup-card）
  PASS 布局未选 · github → 一个字都没注入
  PASS 布局未选 · github → 那张小卡被要求打开
  PASS 布局未选 · github → 要求界面重绘，卡才看得见
  PASS 布局未选 · gitlab → 决定是先问（实得 setup-card）
  PASS 布局未选 · gitlab → 一个字都没注入
  PASS 布局未选 · gitlab → 那张小卡被要求打开
  PASS 布局未选 · gitlab → 要求界面重绘，卡才看得见
  PASS 布局未选 · markdown → 决定是先问（实得 setup-card）
  PASS 布局未选 · markdown → 一个字都没注入
  PASS 布局未选 · markdown → 那张小卡被要求打开
  PASS 布局未选 · markdown → 要求界面重绘，卡才看得见
== #655 · 拿不到卡的入口：布局没选过也照旧注入，不许卡在半路（仓库就绪时）==
  PASS 布局未选 · github → 仍然注入全文（实得 setup）
  PASS 布局未选 · github → 确实注入了，不是「什么都没发生」
  PASS 布局未选 · github → 注入的全文里没有悬空占位符
  PASS 布局未选 · github → 没选过布局时按缺省「根目录一份 CONTEXT.md」填，不留空
  PASS 布局未选 · gitlab → 仍然注入全文（实得 setup）
  PASS 布局未选 · gitlab → 确实注入了，不是「什么都没发生」
  PASS 布局未选 · gitlab → 注入的全文里没有悬空占位符
  PASS 布局未选 · gitlab → 没选过布局时按缺省「根目录一份 CONTEXT.md」填，不留空
  PASS 布局未选 · markdown → 仍然注入全文（实得 setup）
  PASS 布局未选 · markdown → 确实注入了，不是「什么都没发生」
  PASS 布局未选 · markdown → 注入的全文里没有悬空占位符
  PASS 布局未选 · markdown → 没选过布局时按缺省「根目录一份 CONTEXT.md」填，不留空
== #655 · 选过之后注入全文，两种布局是两句不同的话 ==
  PASS 布局已选 single · github · zh → 直接注入（实得 setup）
  PASS 布局已选 single · github → 有全文可注入
  PASS 布局已选 single · github → 没有悬空的 {contextLayout}
  PASS locale zh 有 setup.layout.single 这一句
  PASS 占位符取值来自用户选的布局（zh）
  PASS 布局已选 single · github → 注入文本里就是这一句结论
  PASS 布局已选 multi · github · zh → 直接注入（实得 setup）
  PASS 布局已选 multi · github → 有全文可注入
  PASS 布局已选 multi · github → 没有悬空的 {contextLayout}
  PASS locale zh 有 setup.layout.multi 这一句
  PASS 占位符取值来自用户选的布局（zh）
  PASS 布局已选 multi · github → 注入文本里就是这一句结论
  PASS 布局已选 single · github · en → 直接注入（实得 setup）
  PASS 布局已选 single · github → 有全文可注入
  PASS 布局已选 single · github → 没有悬空的 {contextLayout}
  PASS locale en 有 setup.layout.single 这一句
  PASS 占位符取值来自用户选的布局（en）
  PASS 布局已选 multi · github · en → 直接注入（实得 setup）
  PASS 布局已选 multi · github → 有全文可注入
  PASS 布局已选 multi · github → 没有悬空的 {contextLayout}
  PASS locale en 有 setup.layout.multi 这一句
  PASS 占位符取值来自用户选的布局（en）
  PASS 布局已选 single · gitlab · zh → 直接注入（实得 setup）
  PASS 布局已选 single · gitlab → 有全文可注入
  PASS 布局已选 single · gitlab → 没有悬空的 {contextLayout}
  PASS locale zh 有 setup.layout.single 这一句
  PASS 占位符取值来自用户选的布局（zh）
  PASS 布局已选 single · gitlab → 注入文本里就是这一句结论
  PASS 布局已选 multi · gitlab · zh → 直接注入（实得 setup）
  PASS 布局已选 multi · gitlab → 有全文可注入
  PASS 布局已选 multi · gitlab → 没有悬空的 {contextLayout}
  PASS locale zh 有 setup.layout.multi 这一句
  PASS 占位符取值来自用户选的布局（zh）
  PASS 布局已选 multi · gitlab → 注入文本里就是这一句结论
  PASS 布局已选 single · gitlab · en → 直接注入（实得 setup）
  PASS 布局已选 single · gitlab → 有全文可注入
  PASS 布局已选 single · gitlab → 没有悬空的 {contextLayout}
  PASS locale en 有 setup.layout.single 这一句
  PASS 占位符取值来自用户选的布局（en）
  PASS 布局已选 multi · gitlab · en → 直接注入（实得 setup）
  PASS 布局已选 multi · gitlab → 有全文可注入
  PASS 布局已选 multi · gitlab → 没有悬空的 {contextLayout}
  PASS locale en 有 setup.layout.multi 这一句
  PASS 占位符取值来自用户选的布局（en）
  PASS 布局已选 single · markdown · zh → 直接注入（实得 setup）
  PASS 布局已选 single · markdown → 有全文可注入
  PASS 布局已选 single · markdown → 没有悬空的 {contextLayout}
  PASS locale zh 有 setup.layout.single 这一句
  PASS 占位符取值来自用户选的布局（zh）
  PASS 布局已选 single · markdown → 注入文本里就是这一句结论
  PASS 布局已选 multi · markdown · zh → 直接注入（实得 setup）
  PASS 布局已选 multi · markdown → 有全文可注入
  PASS 布局已选 multi · markdown → 没有悬空的 {contextLayout}
  PASS locale zh 有 setup.layout.multi 这一句
  PASS 占位符取值来自用户选的布局（zh）
  PASS 布局已选 multi · markdown → 注入文本里就是这一句结论
  PASS 布局已选 single · markdown · en → 直接注入（实得 setup）
  PASS 布局已选 single · markdown → 有全文可注入
  PASS 布局已选 single · markdown → 没有悬空的 {contextLayout}
  PASS locale en 有 setup.layout.single 这一句
  PASS 占位符取值来自用户选的布局（en）
  PASS 布局已选 multi · markdown · en → 直接注入（实得 setup）
  PASS 布局已选 multi · markdown → 有全文可注入
  PASS 布局已选 multi · markdown → 没有悬空的 {contextLayout}
  PASS locale en 有 setup.layout.multi 这一句
  PASS 占位符取值来自用户选的布局（en）
  PASS zh · github 单上下文全文里是单上下文那一句
  PASS zh · github 多上下文全文里是多上下文那一句
  PASS zh · github 两种布局各出各的，不串台
  PASS zh · github 两种布局的全文都不留占位符
  PASS zh · github 两种布局的全文不同（金样不同）
  PASS en · github 单上下文全文里是单上下文那一句
  PASS en · github 多上下文全文里是多上下文那一句
  PASS en · github 两种布局各出各的，不串台
  PASS en · github 两种布局的全文都不留占位符
  PASS en · github 两种布局的全文不同（金样不同）
  PASS zh · gitlab 单上下文全文里是单上下文那一句
  PASS zh · gitlab 多上下文全文里是多上下文那一句
  PASS zh · gitlab 两种布局各出各的，不串台
  PASS zh · gitlab 两种布局的全文都不留占位符
  PASS zh · gitlab 两种布局的全文不同（金样不同）
  PASS en · gitlab 单上下文全文里是单上下文那一句
  PASS en · gitlab 多上下文全文里是多上下文那一句
  PASS en · gitlab 两种布局各出各的，不串台
  PASS en · gitlab 两种布局的全文都不留占位符
  PASS en · gitlab 两种布局的全文不同（金样不同）
  PASS zh · markdown 单上下文全文里是单上下文那一句
  PASS zh · markdown 多上下文全文里是多上下文那一句
  PASS zh · markdown 两种布局各出各的，不串台
  PASS zh · markdown 两种布局的全文都不留占位符
  PASS zh · markdown 两种布局的全文不同（金样不同）
  PASS en · markdown 单上下文全文里是单上下文那一句
  PASS en · markdown 多上下文全文里是多上下文那一句
  PASS en · markdown 两种布局各出各的，不串台
  PASS en · markdown 两种布局的全文都不留占位符
  PASS en · markdown 两种布局的全文不同（金样不同）
  PASS 同后端的两种布局产出两句不同的话（金样不同）：github
  PASS 同后端的两种布局产出两句不同的话（金样不同）：gitlab
  PASS 同后端的两种布局产出两句不同的话（金样不同）：markdown
  PASS GitHub 与 GitLab 共用同一段模板（只有布局与后端描述值不同）
  PASS Markdown 也用同一段模板（差别只在后端描述值，以及它本来就没有「标签齐全」那一条）
  PASS 注入文本点名了要写结论的那份说明文件
== #655 · 单漏斗：注入只发生在决策函数里，且只注入一次 ==
  PASS 选定布局后注入决策返回 setup
  PASS 注入恰好一次（不重复注入）
  PASS 注入的全文与金样逐字相同
  PASS injectNow:false 时仍然给出 setup 这个决定（检查页那颗按钮要靠它）
  PASS injectNow:false 时决策函数自己不注入（注入动作归调用处）
  PASS injectNow:false + allowCard 时布局未定也返回先问（检查页那颗按钮）
  PASS injectNow:false 时那一档照样开卡
== 2026-09-21（维护者拍板 A + 记住）· 黄条那颗按钮每次都先问；答过的那一份按工作区记住 ==
  PASS 黄条那颗按钮：布局已答（single）→ 仍然先弹卡（实得 setup-card）
  PASS 黄条那颗按钮：那张卡确实被要求打开（看得见上次选的是哪一项）
  PASS 黄条那颗按钮：弹卡的这一下一个字都不注入（等用户点确认）
  PASS 检查页/切换那条路（不传 askLayout）：布局已答 → 直接注入（实得 setup）
  PASS 那条路注入的全文与金样逐字相同（还是那句已答的结论）
  PASS 会话里没答过 → 读到这个工作区记住的那一份（multi）
  PASS 记住过之后，检查页/切换那条路直接用记住的那份注入（不再问）
  PASS 注入的就是记住的那一份（多上下文那一句）
  PASS 会话里答过 → 本次会话那一份优先于记住的那一份（当场改的立刻生效）
  PASS 既没答过、也没记住过 → 仍然算没答过（照旧先问）
  PASS 没答过的那一档照旧先弹卡
  PASS 记住的值不认识时按未选定处理（不认识的取值不参与填空）
== #664 · 本地 Markdown 没有「先建仓库」这一步：缺仓库也直接注入（与改造前一致）==
  PASS Markdown（清单里没有被 blocksSetup 标住的步骤）缺仓库也直接注入
== #655 · 建仓成功后的补发沿用已选答案，不再问第二次 ==
  PASS 补发发生了一次
  PASS 补发恰好多注入一次
  PASS 补发用的是本次会话已选的布局（multi），不是缺省值
  PASS 补发标记被消费掉，不会重复补发
  PASS 第二次调用不再补发（仅一次）
== #664 · 检查页那颗「执行初始化」按钮：决定说「不给文字」时一个字都不注入 ==
  PASS 仓库那一步没过 → 一个字都没注入（不会把键名 setupRun 当文案塞进会话）
  PASS 布局还没选 → 一个字都没注入（这次只开卡）
  PASS 布局还没选 → 那张小卡确实开了
  PASS 布局已选、仓库就绪 → 注入的就是初始化全文（逐字相同）
== #655 · 兜底取值与入参容错 ==
  PASS 布局参数缺失时按缺省布局填一句（不留空、不留标记）
  PASS 读得到已选布局
  PASS 不认识的值按未选定处理
  PASS 没这个字段时按未选定处理，不抛错
  PASS 后端未声明描述数据时落到缺省键组（与改造前一致）
== #655 · 日志：只记枚举，调试开关关着时不组装字段 ==
  PASS 调试开关关闭时一条日志都没记（决策函数外层先判开关）
== #655 · 结构门禁：产物里只允许一条注入初始化文案的路径 ==
  PASS 产物与视图里没有绕开决策函数直取初始化文案的地方
  PASS 检查页红牌那颗「执行初始化」按钮走的是同一个注入决策函数（经内核那一处判据）
  PASS 状态栏黄条与那张小卡的确认都走同一个注入决策函数
  PASS 初始化那张小卡上放着这组单选（门控弹窗里那组已按 #663 撤掉）
  PASS 门控那两条路都不再注入任何文字
PASS 全部 178 项检查通过
P1: 技能浮层契约（issue #3）
  PASS client.js （portal ✓ · zIndex 2147483000 ✓ · 阈值 238 ✓ · hover 开/移出关 ✓ · paddingTop 桥接 ✓ · 20 键中英齐 ✓ · 文案黑名单 0 命中 ✓）
  PASS package/lib/client.js （portal ✓ · zIndex 2147483000 ✓ · 阈值 238 ✓ · hover 开/移出关 ✓ · paddingTop 桥接 ✓ · 20 键中英齐 ✓ · 文案黑名单 0 命中 ✓）

全部通过
P1: 新增BUG入口契约（issue #4/#63 v4 · 实际→期望括号单行 + locale 切换 · v5 #475 标签要求）
  PASS client.js （newBugWayfinder v5 · 实际→期望括号单行 · v5 标签要求 · locale 切换 · 开新会话接线 2 处 · i18n 4 键）
  PASS package/lib/client.js （newBugWayfinder v5 · 实际→期望括号单行 · v5 标签要求 · locale 切换 · 开新会话接线 2 处 · i18n 4 键）

全部通过
  PASS locale-panel 中英文需求文案成对
  PASS StatusBar 悬停容器加紫色需求选项加同链路新会话
  PASS StatusBar icon 选项用地图图标
  PASS StatusBar hardcode 无中文硬编码
  PASS StatusMenus 可接定位打开关闭三件齐备
  PASS StatusMenus watch 重定位监听含可接菜单
  PASS store 可接菜单三字段默认关闭
  PASS SkillFloatList 与可接菜单互斥
  PASS client.js 产物含可接悬停入口
  PASS package/lib/client.js 产物含可接悬停入口

全部通过 — 可接悬停需求入口契约生效
  PASS host 含 wf.initPublish handle
  PASS package index 含 initPublish dispatch（seam Map 形态 / 方案 C 原样复制）
  PASS host initPublish 探测 git/gh
  PASS host initPublish 含 git init 逻辑（rev-parse 探测 + init）
  PASS host initPublish 含 git add + commit --allow-empty
  PASS host initPublish 含 gh auth status
  PASS host initPublish 含 gh repo create
  PASS host initPublish 含 --public/--private --source=. --push
  PASS host initPublish 含 6 errorKind（no-git/no-gh/not-logged-in/already-exists/network/permission）
  PASS host initPublish 含 bad-name 校验（正则 + 长度）
  PASS package index initPublish 镜像 6 errorKind
  PASS host initPublish 成功后失效缓存 + repoKeys
  PASS package index initPublish 失效缓存镜像
  PASS client zh 含 panel.noRepoCardTitle
  PASS package client zh 含 panel.noRepoCardTitle
  PASS client zh 含 panel.noRepoCardDesc
  PASS package client zh 含 panel.noRepoCardDesc
  PASS client zh 含 panel.noRepoCardAction
  PASS package client zh 含 panel.noRepoCardAction
  PASS client zh 含 panel.noRepoCardDismiss
  PASS package client zh 含 panel.noRepoCardDismiss
  PASS client zh 含 panel.noRepoCardDone
  PASS package client zh 含 panel.noRepoCardDone
  PASS client zh 含 panel.noRepoFormName
  PASS package client zh 含 panel.noRepoFormName
  PASS client zh 含 panel.noRepoFormNameHint
  PASS package client zh 含 panel.noRepoFormNameHint
  PASS client zh 含 panel.noRepoFormVisibility
  PASS package client zh 含 panel.noRepoFormVisibility
  PASS client zh 含 panel.noRepoFormPublic
  PASS package client zh 含 panel.noRepoFormPublic
  PASS client zh 含 panel.noRepoFormPrivate
  PASS package client zh 含 panel.noRepoFormPrivate
  PASS client zh 含 panel.noRepoFormSubmit
  PASS package client zh 含 panel.noRepoFormSubmit
  PASS client zh 含 panel.noRepoFormCancel
  PASS package client zh 含 panel.noRepoFormCancel
  PASS client zh 含 panel.noRepoFormSubmitting
  PASS package client zh 含 panel.noRepoFormSubmitting
  PASS client zh 含 panel.noRepoReset
  PASS package client zh 含 panel.noRepoReset
  PASS client zh 含 panel.noRepoCreateSuccess
  PASS package client zh 含 panel.noRepoCreateSuccess
  PASS client 含 panel.noRepoErr.bad-name
  PASS package client 含 panel.noRepoErr.bad-name
  PASS client 含 panel.noRepoErr.no-git
  PASS package client 含 panel.noRepoErr.no-git
  PASS client 含 panel.noRepoErr.no-gh
  PASS package client 含 panel.noRepoErr.no-gh
  PASS client 含 panel.noRepoErr.not-logged-in
  PASS package client 含 panel.noRepoErr.not-logged-in
  PASS client 含 panel.noRepoErr.already-exists
  PASS package client 含 panel.noRepoErr.already-exists
  PASS client 含 panel.noRepoErr.network
  PASS package client 含 panel.noRepoErr.network
  PASS client 含 panel.noRepoErr.permission
  PASS package client 含 panel.noRepoErr.permission
  PASS client 含 panel.noRepoErr.unknown
  PASS package client 含 panel.noRepoErr.unknown
  PASS client 含 git-commit-failed
  PASS package client 含 git-commit-failed
  PASS client 含 dsws-no-repo-card 样式（红底红边）
  PASS package client 含 dsws-no-repo-card 样式镜像
  PASS client 含表单样式（ttl/desc/acts/form）
  PASS package client 含表单样式镜像
  PASS client 红卡背景 token rgba(248,113,113,.12)
  PASS client 红卡边框 token rgba(248,113,113,.45)
  PASS client 含 dismiss 前缀 dsws:noRepoDismiss:
  PASS package client 含 dismiss 前缀镜像
  PASS client 含 cwdHash（按 cwd 维度）
  PASS package client 含 cwdHash 镜像
  PASS client 含 isNoRepoDismissed（localStorage 读）
  PASS package client 含 isNoRepoDismissed 镜像
  PASS client 含 setNoRepoDismissed（localStorage 写/删）
  PASS client 含 cwdBasename（cwd 尾段预填）
  PASS client 含 isNoRepoNameValid（正则 + 长度 1-100）
  PASS client 含 ensureNoRepoCard + store.noRepoCard
  PASS package client 含 ensureNoRepoCard 镜像
  PASS client makeStore 含 noRepoCard（expanded/name/visibility/loading/error + 默认 private）
  PASS package client makeStore 含 noRepoCard 镜像
  PASS client 含触发判据 checkRepo.level===bad && !isNoRepoDismissed（组件内保留）
  PASS package client 含触发判据镜像
  PASS client ListTab 已移除全屏红卡挂载（h(NoRepoCard) 不存在）
  PASS package client ListTab 已移除红卡挂载镜像
  PASS client ListTab 已移除 nBad 环境警告红条
  PASS package client 已移除 nBad 红条镜像
  PASS client 含 NoRepoCard 组件（Ic alert + 标题/副标题）
  PASS package client 含 NoRepoCard 组件镜像
  PASS client NoRepoCard 含中英标题/副标题
  PASS client NoRepoCard 含“创建并发布”主按钮 + “忽略”幽灵按钮
  PASS client 表单仓库名输入预填 cwd 尾段可改
  PASS client 表单含 nameHint 校验提示
  PASS client 表单含 Public/Private 单选（visibility）
  PASS client 表单 visibility 默认 private + 双向切换
  PASS client 表单含错误条（.err + card.error）
  PASS client 表单主按钮 loading 态（spinner + 创建中…）
  PASS client 表单提交前校验（isNoRepoNameValid + 按钮置灰）
  PASS client 提交调 host.call('wf.initPublish', { cwd, name, visibility })
  PASS package client 提交调 host.call('wf.initPublish') 镜像（seam host shim）
  PASS client 成功后刷新 snapshot + checks（头部出现新 owner/repo）
  PASS package client 成功后刷新镜像（同源 loadSnapshot/loadChain）
  PASS client ChecksTab 已移除 no-repo 弱化卡（红色顶部信息）
  PASS package client 已移除弱化卡镜像
  PASS client ChecksTab 已移除「重置忽略」入口
  PASS package client 已移除重置镜像
  PASS client ChecksTab 已移除链派生弱化卡
  PASS client ChecksTab 保留 remote 判定（行内红卡源）
  PASS 产物含样式 dsws-no-repo-card
  PASS 产物含 i18n panel.noRepoCardTitle
  PASS 产物含组件 NoRepoCard
  PASS 产物含 host wf.initPublish
  PASS dismiss 按 cwd 维度（noRepoDismissKey + cwdHash）
  PASS visibility 默认 Private 且不持久化（不记忆上次选择）
  PASS 首版不加 description 字段（减阻力）

全部通过 · 共计 ≥30 项断言
  PASS 产物门禁 client.js（存在且新鲜）
  PASS 产物门禁 package/lib/client.js（存在且新鲜）
  PASS styles.js 导出 STYLE_TEXT
  PASS portal.js 导出 RDOM
  PASS portal.js 导出 portalTop
  PASS portal.js 导出 PortalOverlay
  PASS localePanel.js 导出 L_PANEL
  PASS localeFlow.js 导出 L_FLOW
  PASS localeWord.js 导出 L_WORD
  PASS localeLabels.js 导出 L_LABELS
  PASS locale.js 导出 L
  PASS icons.js 导出 ICON_SCHEMES
  PASS icons.js 导出 WORD_SCHEMES
  PASS icons.js 导出 Icon
  PASS icons.js 导出 Ic
  PASS healthCheck.js 导出 healthCheckCountOf
  PASS healthCheck.js 导出 healthCheckVisible
  PASS healthCheck.js 导出 healthCheckSubjectOf
  PASS healthCheck.js 导出 healthCheckLogEvent
  PASS healthCheck.js 导出 openHealthCheck
  PASS prompts.js 导出 PROMPTS
  PASS prompts.js 导出 promptLang
  PASS prompts.js 导出 promptText
  PASS prompts.js 导出 BODY_FORMAT
  PASS prompts.js 导出 completePrompt
  PASS prompts.js 导出 FIXATE_PROMPT
  PASS config.js 导出 CFG_KEY
  PASS config.js 导出 cfg
  PASS config.js 导出 templates
  PASS config.js 导出 migrateStartCfg
  PASS config.js 导出 TPL_DEFAULT
  PASS config.js 导出 renderTemplate
  PASS config.js 导出 validateTemplate
  PASS storePrefs.js 导出 DEFAULT_PANEL_H
  PASS storePrefs.js 导出 listPrefs
  PASS storePrefs.js 导出 saveListPrefs
  PASS storePrefs.js 导出 labelClicks
  PASS storePrefs.js 导出 saveLabelClicks
  PASS storePrefs.js 导出 NOREPO_DISMISS_PREFIX
  PASS storePrefs.js 导出 cwdHash
  PASS storePrefs.js 导出 noRepoDismissKey
  PASS storePrefs.js 导出 isNoRepoDismissed
  PASS storePrefs.js 导出 setNoRepoDismissed
  PASS storePrefs.js 导出 cwdBasename
  PASS storePrefs.js 导出 isNoRepoNameValid
  PASS storePrefs.js 导出 ensureNoRepoCard
  PASS storePrefs.js 导出 setActiveMap
  PASS storePrefs.js 导出 clearActiveMap
  PASS storePrefs.js 导出 setActiveIssue
  PASS storePrefs.js 导出 clearActiveIssue
  PASS storePrefs.js 导出 clearActiveDetail
  PASS storePrefs.js 导出 ISSUE_CACHE_TTL
  PASS storePrefs.js 导出 selectionByCwd
  PASS storePrefs.js 导出 repositoryByCwd
  PASS storePrefs.js 导出 SELECTION_BY_CWD_KEY
  PASS storePrefs.js 导出 BANNER_FOLD_KEY
  PASS storePrefs.js 导出 bannerFoldByCwd
  PASS storePrefs.js 导出 isBannerFolded
  PASS storePrefs.js 导出 setBannerFolded
  PASS storePrefs.js 导出 getCachedSelection
  PASS storePrefs.js 导出 setCachedSelection
  PASS storePrefs.js 导出 userHintOf
  PASS storePrefs.js 导出 keepUserPick
  PASS storePrefs.js 导出 baseRevOf
  PASS storePrefs.js 导出 userPickSelection
  PASS storePrefs.js 导出 adoptBoundRev
  PASS storePrefs.js 导出 getCachedRepository
  PASS storePrefs.js 导出 setCachedRepository
  PASS storePrefs.js 导出 SETUP_LAYOUT_BY_CWD_KEY
  PASS storePrefs.js 导出 setupLayoutByCwd
  PASS storePrefs.js 导出 getCachedSetupLayout
  PASS storePrefs.js 导出 setCachedSetupLayout
  PASS storePrefs.js 导出 migrateCachedChoiceToKey
  PASS storeSwitch.js 导出 labelOf
  PASS storeSwitch.js 导出 presentationById
  PASS storeSwitch.js 导出 setPresentationMap
  PASS storeSwitch.js 导出 backendColorOf
  PASS storeSwitch.js 导出 backendBgOf
  PASS storeSwitch.js 导出 backendBorderOf
  PASS storeSwitch.js 导出 repoShortName
  PASS storeSwitch.js 导出 DEFAULT_SWITCH_PROMPT_ZH
  PASS storeSwitch.js 导出 openSwitchConfirm
  PASS storeSwitch.js 导出 closeSwitchConfirm
  PASS storeSwitch.js 导出 loadSwitchCri
  PASS storeSwitch.js 导出 confirmSwitchConfirm
  PASS storeSnapshot.js 导出 makeStore
  PASS storeSnapshot.js 导出 shared
  PASS storeSnapshot.js 导出 stores
  PASS storeSnapshot.js 导出 storeOf
  PASS storeSnapshot.js 导出 emit
  PASS storeSnapshot.js 导出 sub
  PASS storeSnapshot.js 导出 useStore
  PASS storeSnapshot.js 导出 SNAP_CWD_LRU_MAX
  PASS storeSnapshot.js 导出 snapshotByCwd
  PASS storeSnapshot.js 导出 touchLRUClient
  PASS storeSnapshot.js 导出 getCachedSnapshot
  PASS storeSnapshot.js 导出 getCachedEntry
  PASS storeSnapshot.js 导出 setCachedSnapshot
  PASS storeSnapshot.js 导出 getSnapshotVersion
  PASS storeSnapshot.js 导出 lastProbeAtByCwd
  PASS storeSnapshot.js 导出 getProbeAt
  PASS storeSnapshot.js 导出 touchProbeAt
  PASS storeSnapshot.js 导出 SNAP_DISK_CAP
  PASS storeSnapshot.js 导出 diskPutSnapshot
  PASS storeSnapshot.js 导出 diskGetSnapshot
  PASS storeSnapshot.js 导出 CHAIN_CWD_LRU_MAX
  PASS storeSnapshot.js 导出 chainByCwd
  PASS storeSnapshot.js 导出 getChainCacheKey
  PASS storeSnapshot.js 导出 getCachedChain
  PASS storeSnapshot.js 导出 setCachedChain
  PASS storeSnapshot.js 导出 hydrateFromCache
  PASS storeSnapshot.js 导出 mergeSelection
  PASS storeSnapshot.js 导出 applySnapshotSelection
  PASS storeSnapshot.js 导出 getCwdSync
  PASS storeSnapshot.js 导出 NOTICE_COLOR
  PASS storeSnapshot.js 导出 noticeIcon
  PASS storeSnapshot.js 导出 flash
  PASS storeDerived.js 导出 compute
  PASS storeDerived.js 导出 frontierAll
  PASS storeDerived.js 导出 openIssuesOf
  PASS storeDerived.js 导出 isOccupied
  PASS storeDerived.js 导出 occCount
  PASS storeDerived.js 导出 frontierCount
  PASS storeDerived.js 导出 applyStandaloneBlocks
  PASS storeDerived.js 导出 hasLabelOf
  PASS storeDerived.js 导出 isTriageLike
  PASS storeDerived.js 导出 bugCount
  PASS storeDerived.js 导出 triageCount
  PASS storeDerived.js 导出 buildColorOf
  PASS storeDerived.js 导出 isLightHex
  PASS storeDerived.js 导出 actionColorOf
  PASS storeDerived.js 导出 rowActionText
  PASS storeDerived.js 导出 mkRowAction
  PASS storeDerived.js 导出 timeStampStr
  PASS probeChain.js 导出 scheduleChainAutoRefresh
  PASS probeChain.js 导出 cancelChainAutoRefresh
  PASS probeChain.js 导出 loadChain
  PASS probeChain.js 导出 chainSteps
  PASS probeChain.js 导出 chainStep
  PASS probeChain.js 导出 chainStepStatus
  PASS probeChain.js 导出 chainStepOk
  PASS probeChain.js 导出 chainStepBad
  PASS probeChain.js 导出 readyCount
  PASS probeChain.js 导出 envTotal
  PASS probeChain.js 导出 envLabel
  PASS probeChain.js 导出 setupCheck
  PASS probeChain.js 导出 openBlockers
  PASS probeChain.js 导出 blockerNames
  PASS probeChain.js 导出 detectCwd
  PASS probeStale.js 导出 _snapSeqN
  PASS probeStale.js 导出 _snapLatestByWs
  PASS probeStale.js 导出 _snapPendKey
  PASS probeStale.js 导出 _snapMarkRequest
  PASS probeStale.js 导出 _snapRespStale
  PASS probeStale.js 导出 _snapReuseInFlight
  PASS probeSnapshot.js 导出 pendingSnapshotByCwd
  PASS probeSnapshot.js 导出 hexA
  PASS probeSnapshot.js 导出 darken
  PASS probeSnapshot.js 导出 nowStr
  PASS probeSnapshot.js 导出 timeOf
  PASS probeSnapshot.js 导出 timeOfMs
  PASS probeSnapshot.js 导出 broadcastCfg
  PASS probeSnapshot.js 导出 diffSnapshots
  PASS probeSnapshot.js 导出 _flashClearPending
  PASS probeSnapshot.js 导出 scheduleFlashClear
  PASS probeSnapshot.js 导出 loadSnapshot
  PASS probeAuto.js 导出 PROBE_MS
  PASS probeAuto.js 导出 FOCUS_PROBE_MIN_MS
  PASS probeAuto.js 导出 lastFocusProbe
  PASS probeAuto.js 导出 _actionProbePending
  PASS probeAuto.js 导出 probeNow
  PASS probeAuto.js 导出 scheduleActionProbe
  PASS probeAuto.js 导出 startAutoProbe
  PASS probeAuto.js 导出 spinAll
  PASS probeAuto.js 导出 refreshAll
  PASS probeAuto.js 导出 SNAP_FRESH_MS
  PASS probeAuto.js 导出 snapFresh
  PASS router.js 导出 openInNativeRight
  PASS router.js 导出 openPanel
  PASS router.js 导出 togglePanel
  PASS router.js 导出 afterPanelOpened
  PASS router.js 导出 repoStr
  PASS router.js 导出 startText
  PASS router.js 导出 newWayfinderText
  PASS router.js 导出 newBugWayfinderText
  PASS apiNaming.js 导出 injectFixate
  PASS apiNaming.js 导出 handoffTs
  PASS apiNaming.js 导出 handoffFile
  PASS apiNaming.js 导出 handoffPrompt
  PASS apiNaming.js 导出 extractHandoffFile
  PASS apiNaming.js 导出 absHandoffPath
  PASS apiNaming.js 导出 handoffReadText
  PASS apiNaming.js 导出 pendingDraft
  PASS apiNaming.js 导出 pendingDraftTargetSid
  PASS apiNaming.js 导出 getRowPreset
  PASS apiNaming.js 导出 isHealthyPreset
  PASS apiNaming.js 导出 isReusableBlank
  PASS apiNaming.js 导出 buildCreateOpts
  PASS apiNaming.js 导出 createPTCSession
  PASS apiNaming.js 导出 NAMING_POLL_MS
  PASS apiNaming.js 导出 namingCurrentTitleOf
  PASS apiNaming.js 导出 namingHintOf
  PASS apiNaming.js 导出 executeNamingOrder
  PASS apiNaming.js 导出 reconcileNamingFailure
  PASS apiNaming.js 导出 applyNamingFailurePanel
  PASS apiNaming.js 导出 namingGuardianKick
  PASS apiNaming.js 导出 startNamingGuardianPoll
  PASS apiPresetGuard.js 导出 describeReuseDecision
  PASS apiPresetGuard.js 导出 verifyFreshPreset
  PASS apiPresetGuard.js 导出 tryQuarantineSession
  PASS apiPresetGuard.js 导出 createVerifiedPTCSession
  PASS apiWorkspace.js 导出 workspacePathOf
  PASS apiWorkspace.js 导出 workspaceIdOf
  PASS apiWorkspace.js 导出 workspaceNormOf
  PASS apiWorkspace.js 导出 workspaceCollectFromSnap
  PASS apiWorkspace.js 导出 workspaceMatchEntry
  PASS apiWorkspace.js 导出 workspaceTryCreateWid
  PASS apiWorkspace.js 导出 resolveWorkspaceEntry
  PASS apiNewSession.js 导出 probeHandoffReady
  PASS apiNewSession.js 导出 doHandoff
  PASS apiNewSession.js 导出 doHandoffOpen
  PASS apiNewSession.js 导出 openTextInNewSession
  PASS apiIo.js 导出 openInNewSession
  PASS apiIo.js 导出 inject
  PASS apiIo.js 导出 openUrl
  PASS apiIo.js 导出 copyText
  PASS apiIo.js 导出 fetchIssueDetail
  PASS apiIo.js 导出 clearIssueDetailCache
  PASS apiIo.js 导出 fetchIssueComments
  PASS apiIo.js 导出 submitIssueComment
  PASS actions.js 导出 createActionDispatcher
  PASS actions.js 导出 ACTIONS_VERSION
  PASS backendList.js 导出 BUILTIN_BACKENDS
  PASS backendList.js 导出 SWITCH_UNAVAILABLE_BACKENDS
  PASS backendList.js 导出 builtinLabelOf
  PASS backendList.js 导出 otherFiltered
  PASS backendList.js 导出 firstBackendIdOf
  PASS backendList.js 导出 repositoryActionOf
  PASS backendList.js 导出 moduleMetaOf
  PASS link.js 导出 issueUrlFor
  PASS link.js 导出 openIssueUrl
  PASS link.js 导出 searchUrlFor
  PASS link.js 导出 repoUrlFor
  PASS link.js 导出 issueRefNumbersFrom
  PASS slots.js 导出 SLOTS_KERNEL_VERSION
  PASS slots.js 导出 SLOT_DEFS_KERNEL
  PASS slots.js 导出 MODAL_SEAT_ID
  PASS slots.js 导出 orderOf
  PASS slots.js 导出 isScopeValid
  PASS slots.js 导出 canDeclareIn
  PASS slots.js 导出 shouldShowInModal
  PASS slots.js 导出 isModalAction
  PASS slots.js 导出 getWizardAction
  PASS slots.js 导出 getFormAction
  PASS slots.js 导出 getModalAction
  PASS slots.js 导出 getWizardSteps
  PASS slotRendererQueue.js 导出 SLOT_RENDERER_VERSION
  PASS slotRendererQueue.js 导出 ensureFormModal
  PASS slotRendererQueue.js 导出 openFormModal
  PASS slotRendererQueue.js 导出 closeFormModal
  PASS slotRendererQueue.js 导出 createModalRenderForm
  PASS slotRendererQueue.js 导出 canOpenModalForStep
  PASS slotRendererQueue.js 导出 canOpenWizardForStep
  PASS slotRendererRepoSync.js 导出 startRepoSync
  PASS slotRendererRepoSync.js 导出 finishRepoSync
  PASS slotRendererRepoSync.js 导出 retryRepoSync
  PASS slotRendererModalView.js 导出 FormModalSeat
  PASS 双产物无 styles 拼接标记残留
  PASS 双产物无 portal 拼接标记残留
  PASS 双产物无 localePanel 拼接标记残留
  PASS 双产物无 localeFlow 拼接标记残留
  PASS 双产物无 localeWord 拼接标记残留
  PASS 双产物无 localeLabels 拼接标记残留
  PASS 双产物无 locale 拼接标记残留
  PASS 双产物无 icons 拼接标记残留
  PASS 双产物无 healthCheck 拼接标记残留
  PASS 双产物无 prompts 拼接标记残留
  PASS 双产物无 config 拼接标记残留
  PASS 双产物无 storePrefs 拼接标记残留
  PASS 双产物无 storeSwitch 拼接标记残留
  PASS 双产物无 storeSnapshot 拼接标记残留
  PASS 双产物无 storeDerived 拼接标记残留
  PASS 双产物无 probeChain 拼接标记残留
  PASS 双产物无 probeStale 拼接标记残留
  PASS 双产物无 probeSnapshot 拼接标记残留
  PASS 双产物无 probeAuto 拼接标记残留
  PASS 双产物无 router 拼接标记残留
  PASS 双产物无 apiNaming 拼接标记残留
  PASS 双产物无 apiPresetGuard 拼接标记残留
  PASS 双产物无 apiWorkspace 拼接标记残留
  PASS 双产物无 apiNewSession 拼接标记残留
  PASS 双产物无 apiIo 拼接标记残留
  PASS 双产物无 actions 拼接标记残留
  PASS 双产物无 backendList 拼接标记残留
  PASS 双产物无 link 拼接标记残留
  PASS 双产物无 slots 拼接标记残留
  PASS 双产物无 slotRendererQueue 拼接标记残留
  PASS 双产物无 slotRendererRepoSync 拼接标记残留
  PASS 双产物无 slotRendererModalView 拼接标记残留
  PASS 双产物含 const STYLE_TEXT = […（✓/✓）
  PASS 双产物含 const portalTop = function…（✓/✓）
  PASS 双产物含 const L = {…（✓/✓）
  PASS 双产物含 const Ic = ({ n…（✓/✓）
  PASS 双产物含 const PROMPTS = {…（✓/✓）
  PASS 双产物含 const cfg = (function…（✓/✓）
  PASS 双产物含 const shared = makeStore()…（✓/✓）
  PASS 双产物含 const loadSnapshot = function…（✓/✓）
  PASS 双产物含 const openPanel = function…（✓/✓）
  PASS 双产物含 const inject = (st, text)…（✓/✓）
  PASS 双产物含 const BUILTIN_BACKENDS = […（✓/✓）
  PASS 双产物含 const issueUrlFor = (st…（✓/✓）
  PASS 双产物含 const SLOT_DEFS_KERNEL = Objec…（✓/✓）
  PASS 双产物含 const SLOT_RENDERER_VERSION = …（✓/✓）
  PASS src/client/index.js 已不含 PROMPTS（迁出 prompts.js）
  PASS src/client/index.js 已不含 makeStore（迁出 store.js）

全部通过
  PASS 产物门禁 client.js（存在且新鲜）
  PASS 产物门禁 package/lib/client.js（存在且新鲜）
  PASS src/client/views/shared/chips.js ≤350 行（G4 · 实际 21）
  PASS src/client/views/shared/chips.js 导出 Dot
  PASS src/client/views/shared/chips.js 导出 TypeChip
  PASS src/client/views/shared/chips.js 组件 Dot 消费 useContext(DswsCtx)
  PASS src/client/views/shared/chips.js 组件 Dot 无 if(!cx) return null（静默空白模式已禁用）
  PASS src/client/views/shared/chips.js 组件 Dot 含 cx 兜底回退（h）
  PASS src/client/views/shared/chips.js 组件 TypeChip 消费 useContext(DswsCtx)
  PASS src/client/views/shared/chips.js 组件 TypeChip 无 if(!cx) return null（静默空白模式已禁用）
  PASS src/client/views/shared/chips.js 组件 TypeChip 含 cx 兜底回退（h）
  PASS src/client/views/shared/md.js ≤350 行（G4 · 实际 275）
  PASS src/client/views/shared/md.js 导出 MD_LINK_RE
  PASS src/client/views/shared/md.js 导出 MD_TASK_RE
  PASS src/client/views/shared/md.js 导出 mdEsc
  PASS src/client/views/shared/md.js 导出 mdInline
  PASS src/client/views/shared/md.js 导出 mdToHtml
  PASS src/client/views/shared/ticket.js ≤350 行（G4 · 实际 42）
  PASS src/client/views/shared/ticket.js 导出 tStatus
  PASS src/client/views/shared/ticket.js 导出 tStatusLabel
  PASS src/client/views/shared/ticket.js 导出 tProgressBar
  PASS src/client/views/shared/ticket.js 导出 tStatusBadge
  PASS src/client/views/shared/stateKind.js ≤350 行（G4 · 实际 37）
  PASS src/client/views/shared/stateKind.js 导出 prStateKind
  PASS src/client/views/shared/tagsFit.js ≤350 行（G4 · 实际 57）
  PASS src/client/views/shared/tagsFit.js 导出 _tagsFpOf
  PASS src/client/views/shared/tagsFit.js 导出 fitAllTags
  PASS src/client/views/shared/Tabs.js ≤350 行（G4 · 实际 54）
  PASS src/client/views/shared/Tabs.js 导出 useTabsRow
  PASS src/client/views/TicketRow.js ≤350 行（G4 · 实际 47）
  PASS src/client/views/TicketRow.js 导出 TicketRow
  PASS src/client/views/TicketRow.js 组件 TicketRow 消费 useContext(DswsCtx)
  PASS src/client/views/TicketRow.js 组件 TicketRow 无 if(!cx) return null（静默空白模式已禁用）
  PASS src/client/views/TicketRow.js 组件 TicketRow 含 cx 兜底回退（h）
  PASS src/client/views/MapDetail.js ≤350 行（G4 · 实际 337）
  PASS src/client/views/MapDetail.js 导出 MapDetail
  PASS src/client/views/MapDetail.js 组件 MapDetail 消费 useContext(DswsCtx)
  PASS src/client/views/MapDetail.js 组件 MapDetail 无 if(!cx) return null（静默空白模式已禁用）
  PASS src/client/views/MapDetail.js 组件 MapDetail 含 cx 兜底回退（h）
  PASS src/client/views/IssueDetailComments.js ≤350 行（G4 · 实际 144）
  PASS src/client/views/IssueDetailComments.js 导出 renderIssueDetailComments
  PASS src/client/views/IssueDetail.js ≤350 行（G4 · 实际 307）
  PASS src/client/views/IssueDetail.js 导出 IssueDetail
  PASS src/client/views/IssueDetail.js 组件 IssueDetail 消费 useContext(DswsCtx)
  PASS src/client/views/IssueDetail.js 组件 IssueDetail 无 if(!cx) return null（静默空白模式已禁用）
  PASS src/client/views/IssueDetail.js 组件 IssueDetail 含 cx 兜底回退（h）
  PASS src/client/views/NoRepoCard.js ≤350 行（G4 · 实际 295）
  PASS src/client/views/NoRepoCard.js 导出 NoRepoCard
  PASS src/client/views/NoRepoCard.js 组件 NoRepoCard 消费 useContext(DswsCtx)
  PASS src/client/views/NoRepoCard.js 组件 NoRepoCard 无 if(!cx) return null（静默空白模式已禁用）
  PASS src/client/views/NoRepoCard.js 组件 NoRepoCard 含 cx 兜底回退（h）
  PASS src/client/views/ListTabRow.js ≤350 行（G4 · 实际 100）
  PASS src/client/views/ListTabRow.js 导出 listIssueRow
  PASS src/client/views/ListTab.js ≤350 行（G4 · 实际 333）
  PASS src/client/views/ListTab.js 导出 ListTab
  PASS src/client/views/ListTab.js 组件 ListTab 消费 useContext(DswsCtx)
  PASS src/client/views/ListTab.js 组件 ListTab 无 if(!cx) return null（静默空白模式已禁用）
  PASS src/client/views/ListTab.js 组件 ListTab 含 cx 兜底回退（h）
  PASS src/client/views/RingSkills.js ≤350 行（G4 · 实际 39）
  PASS src/client/views/RingSkills.js 导出 RingSkills
  PASS src/client/views/RingSkills.js 组件 RingSkills 消费 useContext(DswsCtx)
  PASS src/client/views/RingSkills.js 组件 RingSkills 无 if(!cx) return null（静默空白模式已禁用）
  PASS src/client/views/RingSkills.js 组件 RingSkills 含 cx 兜底回退（h）
  PASS src/client/views/SkillsTab.js ≤350 行（G4 · 实际 67）
  PASS src/client/views/SkillsTab.js 导出 SkillsTab
  PASS src/client/views/SkillsTab.js 组件 SkillsTab 消费 useContext(DswsCtx)
  PASS src/client/views/SkillsTab.js 组件 SkillsTab 无 if(!cx) return null（静默空白模式已禁用）
  PASS src/client/views/SkillsTab.js 组件 SkillsTab 含 cx 兜底回退（h）
  PASS src/client/views/ChecksTab.js ≤350 行（G4 · 实际 257）
  PASS src/client/views/ChecksTab.js 导出 ChecksTab
  PASS src/client/views/ChecksTab.js 组件 ChecksTab 消费 useContext(DswsCtx)
  PASS src/client/views/ChecksTab.js 组件 ChecksTab 无 if(!cx) return null（静默空白模式已禁用）
  PASS src/client/views/ChecksTab.js 组件 ChecksTab 含 cx 兜底回退（h）
  PASS src/client/views/SettingsWorkspaces.js ≤350 行（G4 · 实际 142）
  PASS src/client/views/SettingsWorkspaces.js 导出 useWsOverview
  PASS src/client/views/SettingsWorkspaces.js 导出 renderWsOverview
  PASS src/client/views/shared/DebugSwitchFailHint.js ≤350 行（G4 · 实际 17）
  PASS src/client/views/shared/DebugSwitchFailHint.js 导出 DBG_SWITCH_FAIL_KEY
  PASS src/client/views/shared/DebugSwitchFailHint.js 导出 dbgSwitchFailKey
  PASS src/client/views/SettingsPage.js ≤350 行（G4 · 实际 210）
  PASS src/client/views/SettingsPage.js 导出 SettingsPage
  PASS src/client/views/SettingsPage.js 组件 SettingsPage 消费 useContext(DswsCtx)
  PASS src/client/views/SettingsPage.js 组件 SettingsPage 无 if(!cx) return null（静默空白模式已禁用）
  PASS src/client/views/SettingsPage.js 组件 SettingsPage 含 cx 兜底回退（h）
  PASS src/client/views/RunPanel.js ≤350 行（G4 · 实际 25）
  PASS src/client/views/RunPanel.js 导出 RunPanel
  PASS src/client/views/RunPanel.js 组件 RunPanel 消费 useContext(DswsCtx)
  PASS src/client/views/RunPanel.js 组件 RunPanel 无 if(!cx) return null（静默空白模式已禁用）
  PASS src/client/views/RunPanel.js 组件 RunPanel 含 cx 兜底回退（h）
  PASS src/client/panel/DockSync.js ≤350 行（G4 · 实际 124）
  PASS src/client/panel/DockSync.js 导出 useDockSync
  PASS src/client/panel/Dock.js ≤350 行（G4 · 实际 316）
  PASS src/client/panel/Dock.js 导出 DetailsDock
  PASS src/client/panel/Dock.js 组件 DetailsDock 消费 useContext(DswsCtx)
  PASS src/client/panel/Dock.js 组件 DetailsDock 无 if(!cx) return null（静默空白模式已禁用）
  PASS src/client/panel/Dock.js 组件 DetailsDock 含 cx 兜底回退（h）
  PASS src/client/panel/NamingFailBanner.js ≤350 行（G4 · 实际 27）
  PASS src/client/panel/NamingFailBanner.js 导出 NamingFailBanner
  PASS src/client/panel/NamingFailBanner.js 组件 NamingFailBanner 消费 useContext(DswsCtx)
  PASS src/client/panel/NamingFailBanner.js 组件 NamingFailBanner 无 if(!cx) return null（静默空白模式已禁用）
  PASS src/client/panel/NamingFailBanner.js 组件 NamingFailBanner 含 cx 兜底回退（h）
  PASS src/client/panel/OverlayGate.js ≤350 行（G4 · 实际 72）
  PASS src/client/panel/OverlayGate.js 导出 openOverlayGate
  PASS src/client/panel/OverlayGate.js 导出 closeOverlayGate
  PASS src/client/panel/OverlayGate.js 导出 confirmOverlayGate
  PASS src/client/panel/OverlayGate.js 导出 pickOverlayBackend
  PASS src/client/statusbar/Seg.js ≤350 行（G4 · 实际 12）
  PASS src/client/statusbar/Seg.js 导出 num
  PASS src/client/statusbar/Seg.js 导出 seg
  PASS src/client/statusbar/checksums.js ≤350 行（G4 · 实际 27）
  PASS src/client/statusbar/checksums.js 导出 checksumsOf
  PASS src/client/statusbar/StatusMenus.js ≤350 行（G4 · 实际 140）
  PASS src/client/statusbar/StatusMenus.js 导出 placeStatusOverlay
  PASS src/client/statusbar/StatusMenus.js 导出 clearStatusClose
  PASS src/client/statusbar/StatusMenus.js 导出 scheduleStatusClose
  PASS src/client/statusbar/StatusMenus.js 导出 placeStatusBugMenu
  PASS src/client/statusbar/StatusMenus.js 导出 closeStatusBugMenu
  PASS src/client/statusbar/StatusMenus.js 导出 showStatusBugMenu
  PASS src/client/statusbar/StatusMenus.js 导出 placeStatusTakeMenu
  PASS src/client/statusbar/StatusMenus.js 导出 closeStatusTakeMenu
  PASS src/client/statusbar/StatusMenus.js 导出 showStatusTakeMenu
  PASS src/client/statusbar/StatusMenus.js 导出 placeStatusBackendMenu
  PASS src/client/statusbar/StatusMenus.js 导出 closeStatusBackendMenu
  PASS src/client/statusbar/StatusMenus.js 导出 showStatusBackendMenu
  PASS src/client/statusbar/StatusMenus.js 导出 useStatusMenus
  PASS src/client/statusbar/StatusBackend.js ≤350 行（G4 · 实际 106）
  PASS src/client/statusbar/StatusBackend.js 导出 closeStatusSetupPick
  PASS src/client/statusbar/StatusBackend.js 导出 cancelStatusSetupPick
  PASS src/client/statusbar/StatusBackend.js 导出 confirmStatusSetupPick
  PASS src/client/statusbar/StatusBackend.js 导出 onStatusSetupInit
  PASS src/client/statusbar/StatusBackend.js 导出 openStatusGate
  PASS src/client/statusbar/StatusBackend.js 导出 closeStatusGate
  PASS src/client/statusbar/StatusBackend.js 导出 confirmStatusGate
  PASS src/client/statusbar/bannerChain.js ≤350 行（G4 · 实际 222）
  PASS src/client/statusbar/bannerChain.js 导出 guideBannerStep
  PASS src/client/statusbar/bannerChain.js 导出 guideBannerParams
  PASS src/client/statusbar/bannerChain.js 导出 runGuideMissing
  PASS src/client/statusbar/StatusBar.js ≤350 行（G4 · 实际 346）
  PASS src/client/statusbar/StatusBar.js 导出 StatusBar
  PASS src/client/statusbar/StatusBar.js 组件 StatusBar 消费 useContext(DswsCtx)
  PASS src/client/statusbar/StatusBar.js 组件 StatusBar 无 if(!cx) return null（静默空白模式已禁用）
  PASS src/client/statusbar/StatusBar.js 组件 StatusBar 含 cx 兜底回退（h）
  PASS src/client/floating/SkillFloatList.js ≤350 行（G4 · 实际 108）
  PASS src/client/floating/SkillFloatList.js 导出 SkillFloatList
  PASS src/client/floating/SkillFloatList.js 组件 SkillFloatList 消费 useContext(DswsCtx)
  PASS src/client/floating/SkillFloatList.js 组件 SkillFloatList 无 if(!cx) return null（静默空白模式已禁用）
  PASS src/client/floating/SkillFloatList.js 组件 SkillFloatList 含 cx 兜底回退（h）
  PASS src/client/floating/Pop.js ≤350 行（G4 · 实际 66）
  PASS src/client/floating/Pop.js 导出 showPop
  PASS src/client/hostShim.js ≤350 行（G4 · 实际 30）
  PASS src/client/hostShim.js 导出 timer
  PASS src/client/hostShim.js 导出 h
  PASS src/client/panelAssembly.js ≤350 行（G4 · 实际 157）
  PASS src/client/panelAssembly.js 导出 apiCall
  PASS src/client/panelAssembly.js 导出 cx
  PASS src/client/panelAssembly.js 导出 withCx
  PASS src/client/views/labels/labelColorErrors.js ≤350 行（G4 · 实际 349）
  PASS src/client/views/labels/labelColorErrors.js 导出 LC_KIND_KEYS
  PASS src/client/views/labels/labelColorErrors.js 导出 LC_PLACEHOLDER_COLOR
  PASS src/client/views/labels/labelColorErrors.js 导出 lcKindKey
  PASS src/client/views/labels/labelColorErrors.js 导出 lcErrorOf
  PASS src/client/views/labels/labelColorErrors.js 导出 lcLabelsOf
  PASS src/client/views/labels/labelColorErrors.js 导出 lcSaveOutcome
  PASS src/client/views/labels/labelColorErrors.js 导出 lcOutcomeRowOf
  PASS src/client/views/labels/labelColorErrors.js 导出 lcToDisplay
  PASS src/client/views/labels/labelColorErrors.js 导出 lcRowIncomplete
  PASS src/client/views/labels/labelColorErrors.js 导出 lcPanelBackendOf
  PASS src/client/views/labels/labelColorPatch.js ≤350 行（G4 · 实际 135）
  PASS src/client/views/labels/labelColorPatch.js 导出 lcSavedColorMapOf
  PASS src/client/views/labels/labelColorPatch.js 导出 lcPatchSnapshotColors
  PASS src/client/views/labels/labelColorPatch.js 导出 lcRememberSavedColors
  PASS src/client/views/labels/labelColorPatch.js 导出 lcPanelSavedColors
  PASS src/client/views/labels/labelColorPatch.js 导出 lcApplySavedColorsOnInstall
  PASS src/client/views/labels/labelColorPalette.js ≤350 行（G4 · 实际 50）
  PASS src/client/views/labels/labelColorPalette.js 导出 LC_ENTRY_PALETTE_SLOTS
  PASS src/client/views/labels/labelColorPalette.js 导出 LC_ENTRY_PALETTE_DEFAULTS
  PASS src/client/views/labels/labelColorPalette.js 导出 LC_ENTRY_PALETTE_BODY
  PASS src/client/views/labels/labelColorPalette.js 导出 lcEntryPaletteOf
  PASS src/client/views/labels/useLabelColors.js ≤350 行（G4 · 实际 201）
  PASS src/client/views/labels/useLabelColors.js 导出 useLabelColors
  PASS src/client/views/labels/LabelColorRow.js ≤350 行（G4 · 实际 80）
  PASS src/client/views/labels/LabelColorRow.js 导出 LabelColorRow
  PASS src/client/views/labels/LabelColorRow.js 组件 LabelColorRow 消费 useContext(DswsCtx)
  PASS src/client/views/labels/LabelColorRow.js 组件 LabelColorRow 无 if(!cx) return null（静默空白模式已禁用）
  PASS src/client/views/labels/LabelColorRow.js 组件 LabelColorRow 含 cx 兜底回退（h）
  PASS src/client/views/labels/LabelColorDialog.js ≤350 行（G4 · 实际 347）
  PASS src/client/views/labels/LabelColorDialog.js 导出 LabelColorDialog
  PASS src/client/views/labels/LabelColorDialog.js 导出 lcPanelPendingOf
  PASS src/client/views/labels/LabelColorDialog.js 组件 LabelColorDialog 消费 useContext(DswsCtx)
  PASS src/client/views/labels/LabelColorDialog.js 组件 LabelColorDialog 无 if(!cx) return null（静默空白模式已禁用）
  PASS src/client/views/labels/LabelColorDialog.js 组件 LabelColorDialog 含 cx 兜底回退（h）
  PASS src/client/views/labels/LabelColorEntry.js ≤350 行（G4 · 实际 92）
  PASS src/client/views/labels/LabelColorEntry.js 导出 LabelColorEntry
  PASS src/client/views/labels/LabelColorEntry.js 组件 LabelColorEntry 消费 useContext(DswsCtx)
  PASS src/client/views/labels/LabelColorEntry.js 组件 LabelColorEntry 无 if(!cx) return null（静默空白模式已禁用）
  PASS src/client/views/labels/LabelColorEntry.js 组件 LabelColorEntry 含 cx 兜底回退（h）
  PASS 双产物无 src/client/views/shared/chips.js 拼接标记残留
  PASS 双产物无 src/client/views/shared/md.js 拼接标记残留
  PASS 双产物无 src/client/views/shared/ticket.js 拼接标记残留
  PASS 双产物无 src/client/views/shared/stateKind.js 拼接标记残留
  PASS 双产物无 src/client/views/shared/tagsFit.js 拼接标记残留
  PASS 双产物无 src/client/views/shared/Tabs.js 拼接标记残留
  PASS 双产物无 src/client/views/TicketRow.js 拼接标记残留
  PASS 双产物无 src/client/views/MapDetail.js 拼接标记残留
  PASS 双产物无 src/client/views/IssueDetailComments.js 拼接标记残留
  PASS 双产物无 src/client/views/IssueDetail.js 拼接标记残留
  PASS 双产物无 src/client/views/NoRepoCard.js 拼接标记残留
  PASS 双产物无 src/client/views/ListTabRow.js 拼接标记残留
  PASS 双产物无 src/client/views/ListTab.js 拼接标记残留
  PASS 双产物无 src/client/views/RingSkills.js 拼接标记残留
  PASS 双产物无 src/client/views/SkillsTab.js 拼接标记残留
  PASS 双产物无 src/client/views/ChecksTab.js 拼接标记残留
  PASS 双产物无 src/client/views/SettingsWorkspaces.js 拼接标记残留
  PASS 双产物无 src/client/views/shared/DebugSwitchFailHint.js 拼接标记残留
  PASS 双产物无 src/client/views/SettingsPage.js 拼接标记残留
  PASS 双产物无 src/client/views/RunPanel.js 拼接标记残留
  PASS 双产物无 src/client/panel/DockSync.js 拼接标记残留
  PASS 双产物无 src/client/panel/Dock.js 拼接标记残留
  PASS 双产物无 src/client/panel/NamingFailBanner.js 拼接标记残留
  PASS 双产物无 src/client/panel/OverlayGate.js 拼接标记残留
  PASS 双产物无 src/client/statusbar/Seg.js 拼接标记残留
  PASS 双产物无 src/client/statusbar/checksums.js 拼接标记残留
  PASS 双产物无 src/client/statusbar/StatusMenus.js 拼接标记残留
  PASS 双产物无 src/client/statusbar/StatusBackend.js 拼接标记残留
  PASS 双产物无 src/client/statusbar/bannerChain.js 拼接标记残留
  PASS 双产物无 src/client/statusbar/StatusBar.js 拼接标记残留
  PASS 双产物无 src/client/floating/SkillFloatList.js 拼接标记残留
  PASS 双产物无 src/client/floating/Pop.js 拼接标记残留
  PASS 双产物无 src/client/hostShim.js 拼接标记残留
  PASS 双产物无 src/client/panelAssembly.js 拼接标记残留
  PASS 双产物无 src/client/views/labels/labelColorErrors.js 拼接标记残留
  PASS 双产物无 src/client/views/labels/labelColorPatch.js 拼接标记残留
  PASS 双产物无 src/client/views/labels/labelColorPalette.js 拼接标记残留
  PASS 双产物无 src/client/views/labels/useLabelColors.js 拼接标记残留
  PASS 双产物无 src/client/views/labels/LabelColorRow.js 拼接标记残留
  PASS 双产物无 src/client/views/labels/LabelColorDialog.js 拼接标记残留
  PASS 双产物无 src/client/views/labels/LabelColorEntry.js 拼接标记残留
  PASS 双产物含 const IssueDetail …（✓/✓）
  PASS 双产物含 const Dot = ({ level })…（✓/✓）
  PASS 双产物含 const mdToHtml = function…（✓/✓）
  PASS 双产物含 const tStatus = function…（✓/✓）
  PASS 双产物含 const fitAllTags = function…（✓/✓）
  PASS 双产物含 const useTabsRow = function…（✓/✓）
  PASS 双产物含 const TicketRow = React.memo((…（✓/✓）
  PASS 双产物含 const MapDetail = ({ st, g, dr…（✓/✓）
  PASS 双产物含 const NoRepoCard = function…（✓/✓）
  PASS 双产物含 const ListTab = ({ st, narrow …（✓/✓）
  PASS 双产物含 const RingSkills = ({ st, rec,…（✓/✓）
  PASS 双产物含 const SkillsTab = ({ st })…（✓/✓）
  PASS 双产物含 const ChecksTab = ({ st })…（✓/✓）
  PASS 双产物含 const SettingsPage = (props)…（✓/✓）
  PASS 双产物含 const RunPanel = (props)…（✓/✓）
  PASS 双产物含 const DetailsDock = (props)…（✓/✓）
  PASS 双产物含 const checksumsOf = function…（✓/✓）
  PASS 双产物含 const StatusBar = (props)…（✓/✓）
  PASS 双产物含 const SkillFloatList = functio…（✓/✓）
  PASS 双产物含 const showPop = function…（✓/✓）
  PASS 产物 tabsTip 单源（10→≤6 · 实际 _dev 6 / _pkg 6）
  PASS 双产物 tabsTip 计数一致（6）
  PASS 产物 tabBtn 仅 1 处声明（Dock/Overlay tabs 行合成一处 · _dev 1 / _pkg 1）
  PASS 产物 fitAllTags 仅 1 处定义（单源）
  PASS 产物 ListTab 调用 fitAllTags（消费点保留）
  PASS src/client/index.js 已不含 StatusBar（迁出 statusbar/StatusBar.js）
  PASS src/client/index.js 已不含 DetailsDock（迁出 panel/Dock.js）
  PASS src/client/panel/Overlay.js 已删除（页内浮窗退役）
  PASS 双产物与 index.js 里都不再有 OverlayPanel
  PASS src/client/index.js 已不含 ListTab（迁出 views/ListTab.js）
  PASS src/client/index.js 已不含 SettingsPage（迁出 views/SettingsPage.js）
  PASS src/client/index.js 保留 tabsfold 机器（verify-tabsfold-leaf 文本基准）

全部通过
  PASS 产物门禁 client.js（存在且新鲜）
  PASS 产物门禁 package/lib/client.js（存在且新鲜）
(node:29268) [MODULE_TYPELESS_PACKAGE_JSON] Warning: Module type of file:///D:/dsh-plugin/dsh-mattpocock-skills-deck/sr
c/client/kernel/ctx.js is not specified and it doesn't parse as CommonJS.
Reparsing as ES module because module syntax was detected. This incurs a performance overhead.
To eliminate this warning, add "type": "module" to \\?\D:\dsh-plugin\dsh-mattpocock-skills-deck\package.json.
(Use `node --trace-warnings ...` to show where the warning was created)
  PASS ctx.js 导出 DswsCtx
  PASS DswsCtx 缺省值 = null（Provider 缺失兜底）
  PASS ctx.js 导出 createCx
  PASS createCx 产出 8 字段冻结清单（G3 · #91）
  PASS createCx 全量入参原样保留
  PASS createCx 缺项仍恒 8 字段
  PASS createCx 缺项兜底为 null
  PASS createCx(undefined) 不抛错且恒 8 字段
  PASS 产物(_dev)+(_pkg) 含 const DswsCtx = React.createContext(null)（✓/✓）
  PASS 产物(_dev)+(_pkg) 含 function createCx(deps)（✓/✓）
  PASS 产物(_dev)+(_pkg) 含 const cx = createCx(（✓/✓）
  PASS 产物(_dev)+(_pkg) 含 withCx(StatusBar)（✓/✓）
  PASS 产物(_dev)+(_pkg) 含 withCx(RunPanel)（✓/✓）
  PASS 产物(_dev)+(_pkg) 含 withCx(SettingsPage)（✓/✓）
  PASS 产物(_dev)+(_pkg) 含 withCx(DeckSidebarTab)（✓/✓）
  PASS 产物(_dev)+(_pkg) 含 withCx(DeckNativeTabTitle)（✓/✓）

全部通过
  PASS 产物门禁 host.js（存在且新鲜）
  PASS 产物门禁 package/lib/index.js（存在且新鲜）
(node:10180) [MODULE_TYPELESS_PACKAGE_JSON] Warning: Module type of file:///D:/dsh-plugin/dsh-mattpocock-skills-deck/sr
c/shared/parser.js is not specified and it doesn't parse as CommonJS.
Reparsing as ES module because module syntax was detected. This incurs a performance overhead.
To eliminate this warning, add "type": "module" to \\?\D:\dsh-plugin\dsh-mattpocock-skills-deck\package.json.
(Use `node --trace-warnings ...` to show where the warning was created)
  PASS src/shared/parser.js 导出 normalizeBody
  PASS src/shared/parser.js 导出 parseMapBody
  PASS src/shared/parser.js 导出 parseProgress
  PASS src/shared/parser.js 导出 computeLevels
  PASS src/shared/parser.js 导出 groupTickets
  PASS 产物(_dev) host.js 含 normalizeBody（对照基准）
  PASS 产物(_dev) host.js 含 parseMapBody（对照基准）
  PASS 产物(_dev) host.js 含 parseProgress（对照基准）
  PASS 产物(_dev) host.js 含 computeLevels（对照基准）
  PASS 产物(_dev) host.js 含 groupTickets（对照基准）
  PASS diff normalizeBody[0] 叶子===产物(_dev)
  PASS diff parseMapBody[0] 叶子===产物(_dev)
  PASS diff parseProgress[0] 叶子===产物(_dev)
  PASS diff normalizeBody[1] 叶子===产物(_dev)
  PASS diff parseMapBody[1] 叶子===产物(_dev)
  PASS diff parseProgress[1] 叶子===产物(_dev)
  PASS diff normalizeBody[2] 叶子===产物(_dev)
  PASS diff parseMapBody[2] 叶子===产物(_dev)
  PASS diff parseProgress[2] 叶子===产物(_dev)
  PASS diff normalizeBody[3] 叶子===产物(_dev)
  PASS diff parseMapBody[3] 叶子===产物(_dev)
  PASS diff parseProgress[3] 叶子===产物(_dev)
  PASS diff normalizeBody[4] 叶子===产物(_dev)
  PASS diff parseMapBody[4] 叶子===产物(_dev)
  PASS diff parseProgress[4] 叶子===产物(_dev)
  PASS diff normalizeBody[5] 叶子===产物(_dev)
  PASS diff parseMapBody[5] 叶子===产物(_dev)
  PASS diff parseProgress[5] 叶子===产物(_dev)
  PASS diff normalizeBody[6] 叶子===产物(_dev)
  PASS diff parseMapBody[6] 叶子===产物(_dev)
  PASS diff parseProgress[6] 叶子===产物(_dev)
  PASS diff normalizeBody[7] 叶子===产物(_dev)
  PASS diff parseMapBody[7] 叶子===产物(_dev)
  PASS diff parseProgress[7] 叶子===产物(_dev)
  PASS diff normalizeBody[8] 叶子===产物(_dev)
  PASS diff parseMapBody[8] 叶子===产物(_dev)
  PASS diff parseProgress[8] 叶子===产物(_dev)
  PASS diff normalizeBody[9] 叶子===产物(_dev)
  PASS diff parseMapBody[9] 叶子===产物(_dev)
  PASS diff parseProgress[9] 叶子===产物(_dev)
  PASS diff normalizeBody[10] 叶子===产物(_dev)
  PASS diff parseMapBody[10] 叶子===产物(_dev)
  PASS diff parseProgress[10] 叶子===产物(_dev)
  PASS diff computeLevels 叶子===产物(_dev)
  PASS diff groupTickets 叶子===产物(_dev)
  PASS 产物(_pkg) package/lib/index.js 含 normalizeBody（对照基准）
  PASS 产物(_pkg) package/lib/index.js 含 parseMapBody（对照基准）
  PASS 产物(_pkg) package/lib/index.js 含 parseProgress（对照基准）
  PASS 产物(_pkg) package/lib/index.js 含 computeLevels（对照基准）
  PASS 产物(_pkg) package/lib/index.js 含 groupTickets（对照基准）
  PASS diff parseMapBody[0] 叶子===产物(_pkg)
  PASS diff parseProgress[0] 叶子===产物(_pkg)
  PASS diff parseMapBody[1] 叶子===产物(_pkg)
  PASS diff parseProgress[1] 叶子===产物(_pkg)
  PASS diff parseMapBody[2] 叶子===产物(_pkg)
  PASS diff parseProgress[2] 叶子===产物(_pkg)
  PASS diff parseMapBody[3] 叶子===产物(_pkg)
  PASS diff parseProgress[3] 叶子===产物(_pkg)
  PASS diff parseMapBody[4] 叶子===产物(_pkg)
  PASS diff parseProgress[4] 叶子===产物(_pkg)
  PASS diff parseMapBody[5] 叶子===产物(_pkg)
  PASS diff parseProgress[5] 叶子===产物(_pkg)
  PASS diff parseMapBody[6] 叶子===产物(_pkg)
  PASS diff parseProgress[6] 叶子===产物(_pkg)
  PASS diff parseMapBody[7] 叶子===产物(_pkg)
  PASS diff parseProgress[7] 叶子===产物(_pkg)
  PASS diff parseMapBody[8] 叶子===产物(_pkg)
  PASS diff parseProgress[8] 叶子===产物(_pkg)
  PASS diff parseMapBody[9] 叶子===产物(_pkg)
  PASS diff parseProgress[9] 叶子===产物(_pkg)
  PASS diff parseMapBody[10] 叶子===产物(_pkg)
  PASS diff parseProgress[10] 叶子===产物(_pkg)
  PASS diff computeLevels 叶子===产物(_pkg)
  PASS 真值 parseProgress ## 进度：90%
  PASS 真值 parseProgress 全角冒号
  PASS 真值 parseProgress clamp 120→100
  PASS 真值 parseProgress 非数字→null
  PASS 真值 parseProgress -5% 不匹配（-号挡字正则）→null
  PASS 真值 computeLevels 层级 0/1/2
  PASS 真值 groupTickets 分组计数（frontier=#1, claimed=#2, blocked=#3+#4）
  PASS 文本抽取：分组两函数（ticketGrouping）与搬迁三函数在 src/pkg 装配均可抽取
  PASS 文本逐字：pkg 装配体 === src 装配体（index 残留空 + 分组模块，原样复制）
  PASS 文本逐字：package/lib/mapBody.js === src/host/mapBody.js（原样复制）

全部通过
  PASS 产物门禁 client.js（存在且新鲜）
  PASS 产物门禁 package/lib/client.js（存在且新鲜）
(node:12072) [MODULE_TYPELESS_PACKAGE_JSON] Warning: Module type of file:///D:/dsh-plugin/dsh-mattpocock-skills-deck/sr
c/client/kernel/tabsfold.js is not specified and it doesn't parse as CommonJS.
Reparsing as ES module because module syntax was detected. This incurs a performance overhead.
To eliminate this warning, add "type": "module" to \\?\D:\dsh-plugin\dsh-mattpocock-skills-deck\package.json.
(Use `node --trace-warnings ...` to show where the warning was created)
  PASS 叶子导出 tabsLevelDecide
  PASS 叶子 TABS_FOLD_HYST = 4
  PASS 叶子 TABS_LEVELS = 3
  PASS 真值 (0,500)=0 宽裕保持 L0
  PASS 真值 (0,400)=1 L0 放不下→L1
  PASS 真值 (0,350)=2 L0/L1 均放不下→L2（nats=[470,380,200]，350<380）
  PASS 真值 (0,280)=2 L1 也不够→L2
  PASS 真值 (0,80)=2 极窄顶格 L2
  PASS 真值 (1,500)=0 L1 空间回够→降回 L0
  PASS 真值 (1,430)=1 滞回带内保持 L1 防抖
  PASS 真值 (1,474)=0 恰好 L0+4→降回 L0
  PASS 真值 (2,350)=2 L2 起且空间不足 L1+4→保持 L2
  PASS 真值 (2,500)=0 L2 空间够 L0→回 L0
  PASS 真值 (2,280)=2 仍放不下保持 L2
  PASS 真值 nats 空保护→0
  PASS 真值 nats null 保护→0
  PASS 产物(_dev) client.js 含 tabsLevelDecide（对照基准）
  PASS diff tabsLevelDecide(0,500) 叶子(0)===产物(_dev)(0)
  PASS diff tabsLevelDecide(0,400) 叶子(1)===产物(_dev)(1)
  PASS diff tabsLevelDecide(0,350) 叶子(2)===产物(_dev)(2)
  PASS diff tabsLevelDecide(0,280) 叶子(2)===产物(_dev)(2)
  PASS diff tabsLevelDecide(0,80) 叶子(2)===产物(_dev)(2)
  PASS diff tabsLevelDecide(1,500) 叶子(0)===产物(_dev)(0)
  PASS diff tabsLevelDecide(1,430) 叶子(1)===产物(_dev)(1)
  PASS diff tabsLevelDecide(1,474) 叶子(0)===产物(_dev)(0)
  PASS diff tabsLevelDecide(2,350) 叶子(2)===产物(_dev)(2)
  PASS diff tabsLevelDecide(2,500) 叶子(0)===产物(_dev)(0)
  PASS diff tabsLevelDecide(2,280) 叶子(2)===产物(_dev)(2)
  PASS 产物(_pkg) package/lib/client.js 含 tabsLevelDecide（对照基准）
  PASS diff tabsLevelDecide(0,400) 叶子(1)===产物(_pkg)(1)
  PASS diff tabsLevelDecide(0,280) 叶子(2)===产物(_pkg)(2)
  PASS diff tabsLevelDecide(1,474) 叶子(0)===产物(_pkg)(0)
  PASS diff tabsLevelDecide(2,500) 叶子(0)===产物(_pkg)(0)
  PASS 文本抽取：src/两产物均含 tabsLevelDecide 文本
  PASS 文本逐字：产物(_dev) tabsLevelDecide === src/client/index.js 内联
  PASS 文本逐字：产物(_pkg) tabsLevelDecide === src/client/index.js 内联

全部通过
== 双闸：产物门禁（#113 D7 / #162 验收② / I3） ==
  PASS 产物门禁 client.js 以 // AUTO-GENERATED 开头
  PASS 产物门禁 host.js 以 // AUTO-GENERATED 开头
  PASS 产物门禁 package/lib/client.js 非空（1078758 bytes）
  PASS 产物门禁 package/lib/index.js 非空（40071 bytes）
  PASS 产物新鲜度 client.js（新鲜）
  PASS 产物新鲜度 host.js（新鲜）
  PASS 产物新鲜度 package/lib/client.js（新鲜）
  PASS 产物新鲜度 package/lib/index.js（新鲜）

== 零手拼 / 静态 import（I2 零手拼·双闸） ==
  PASS win32 适配器零手拼：无 "+ '\\' +" 字符串拼接
  PASS win32 适配器委托 node:path.win32
  PASS win32 适配器 pathImpl = nodePath.win32
  PASS win32 别名表 Object.freeze({ cmd: 'cmd.exe' }) 单项
  PASS win32 别名表不含 gh（gh→DSH_GH_PATH兜底不进表）
  PASS win32 适配器不读 HOME（#129 win32不读HOME）
  PASS win32 护栏回退链 USERPROFILE→HOMEDRIVE+HOMEPATH 存在
  PASS win32 护栏正则 ^[A-Za-z]: 存在
  PASS win32 注入钩子 homedir/env 存在（可测性 #131）
  PASS platform/index.js 静态 import win32
  PASS platform/index.js 静态 import darwin
  PASS platform/index.js 静态 import linux
  PASS platform/index.js 无变量路径动态 import（打包可断 #113 D4）
  PASS REGISTRY 冻结静态表存在
  PASS 通用层 memoize 终身缓存存在
  PASS 通用层 joinHome 异步成员存在
  PASS platform/index.js 通用层含 DSH_GH_PATH 兜底（单点拥有，三端一致）
  PASS darwin 适配器零手拼：无 "+ '\\' +" 字符串拼接
  PASS darwin 不二次读 process.env.HOME（#164选A单一真相）
  PASS darwin 委托 node:path.posix
  PASS darwin getHome含try/catch→null（H5归一）
  PASS darwin 无硬编码 /opt/homebrew
  PASS darwin 无DSH_GH_PATH处理（兜底归上层）
  PASS linux 适配器零手拼：无 "+ '\\' +" 字符串拼接
  PASS linux 适配器不直读 HOME 第二真相（#168 L1）
  PASS linux 适配器不读 USERPROFILE/HOMEDRIVE（win32护栏不适用，#168 L1）
  PASS linux 委托 node:path.posix（L5 零自实现）
  PASS linux pathImpl === node:path.posix
  PASS linux getHome含try/catch→null（L2 容器兜底）
  PASS linux 无 sh→sh.exe 别名（仅 win32 有，L3）
  PASS linux 适配器无 DSH_GH_PATH 处理（已归 composePlatform 通用层，L4 修订）
  PASS linux ~/$VAR 不展开（L6）
  PASS linux 注入钩子 homedir 存在（可测性 #131）

== 运行时：win32 分组（I1 注入可判真 / I2 路径委托） ==
(node:54984) [MODULE_TYPELESS_PACKAGE_JSON] Warning: Module type of file:///D:/dsh-plugin/dsh-mattpocock-skills-deck/sr
c/host/platform/win32/index.js is not specified and it doesn't parse as CommonJS.
Reparsing as ES module because module syntax was detected. This incurs a performance overhead.
To eliminate this warning, add "type": "module" to \\?\D:\dsh-plugin\dsh-mattpocock-skills-deck\package.json.
(Use `node --trace-warnings ...` to show where the warning was created)
  PASS win32 护栏：合法盘符形 C:\Users\a 直采
  PASS win32 护栏：结果形态 ^[A-Za-z]:
  PASS win32 护栏：合法盘符形 D:\home\x 直采
  PASS win32 护栏：非盘符形 /c/Users/a → 回退 USERPROFILE
  PASS win32 护栏：POSIX形 /home/feather → 回退 USERPROFILE
  PASS win32 护栏：USERPROFILE空 → 回退 HOMEDRIVE+HOMEPATH
  PASS win32 护栏：非盘符形且回退均空 → null
  PASS win32 护栏：UNC → 回退 USERPROFILE
  PASS win32 护栏：不读 HOME（HOME存在仍回退USERPROFILE）
  PASS win32 护栏：homedir throw → 回退 USERPROFILE
  PASS win32 getHome终身缓存：两次调用仅一次底层homedir
  PASS createPlatform(ctx,'win32') OS覆盖生效
  PASS createPlatform win32覆盖后getHome正常
  PASS win32 别名：resolveExecutable('cmd')→cmd.exe
  PASS win32 别名：resolveExecutable('sh')不映射
  PASS win32 别名：resolveExecutable('gh')不进表
  PASS resolveExecutable throw→null（通用层）
  PASS composePlatform包装后 cmd→cmd.exe仍生效
  PASS composePlatform包装后 sh不映射
  PASS win32 path.sep === '\'
  PASS win32 path.join行为一致 → "C:\\a\\b"
  PASS win32 path.normalize行为一致 → "C:\\a\\b"
  PASS win32 path.dirname行为一致 → "C:\\a\\b"
  PASS win32 path.basename行为一致 → "c.txt"
  PASS win32 path.resolve行为一致 → "C:\\a\\b"
  PASS win32 path.relative行为一致 → "c"
  PASS win32 path.isAbsolute('C:\\a')===true
  PASS win32 path.joinHome→C:\Users\a\.agents\skills\wayfinder
  PASS #110 3a win32：getHome非null且盘符形态
  PASS win32 env.get透传
  PASS win32 env.has正确
  PASS win32 fs透传 ctx.get(fs)

win32 分组：73/73 通过

== 运行时：darwin 10项（#164 3a-D1~D10 · #165极薄） ==
  PASS darwin D1 getHome有值不返null → /Users/mock
  PASS darwin D1 POSIX形态 isAbsolute&&startsWith(/)
  PASS darwin D1 sep === '/'
  PASS darwin D2 getHome不咨询cmd/cmd.exe
  PASS darwin D2 resolveExecutable(sh)透传 /bin/sh
  PASS darwin D2 sh已透传至subprocess
  PASS darwin D2 resolveExecutable(cmd)===null
  PASS darwin D2 resolveExecutable(cmd.exe)===null
  PASS darwin D3 空串→null
  PASS darwin D3 抛错→null不泄异常
  PASS darwin D3 POSIX直接采用不做盘符护栏
  PASS darwin D4 memoize两次调用仅一次底层homedir
  PASS darwin D5 join委托正确
  PASS darwin D5 与node:path.posix一致
  PASS darwin D5 normalize委托一致
  PASS darwin D5 isAbsolute('/Users/x')===true
  PASS darwin D6 joinHome('a','b')===join(getHome(),'a','b') → /Users/x/a/b
  PASS darwin D6 joinHome skills路径
  PASS darwin D7 源码无home+\反斜杠拼接（grep 0）
  PASS darwin D7 无硬编码/opt/homebrew
  PASS darwin D8 sh失败→null(throw→null)
  PASS darwin D8 sh成功透传
  PASS darwin D9 gh仅透传→null，不硬编码brew路径
  PASS darwin D9 源码无gh别名（仅sh恒等）: hits=0
  PASS darwin D9 源码无DSH_GH_PATH（兜底归上层）
  PASS darwin D10 空格保留
  PASS darwin D10 joinHome空格透传
  PASS darwin D10 反斜杠为合法字符非分隔符 a\b
  PASS darwin D10 反斜杠未被当分隔符
  PASS darwin D10 Unicode透传
  PASS darwin createPlatform OS覆盖生效
  PASS darwin createPlatform覆盖后getHome正常

darwin 分组：105/105 通过

== 运行时：linux 分组（L1-L6 · G1-G13 容器可判真） ==
  PASS linux G1 getHome 有值或null不抛
  PASS linux G1 win32宿主 getHome=C:\Users\辰辰洋洋 不判POSIX（注入用例覆盖）
  PASS linux G1 win32宿主跳过反斜杠检查（注入覆盖）
  PASS linux G1 注入 POSIX形态 /home/tester
  PASS linux G2 空串→null（容器最小镜像/空HOME）
  PASS linux G3 抛异常→null（无passwd/最小镜像）
  PASS linux G4 不直读 process.env.HOME（无第二真相）
  PASS linux G4 不读 USERPROFILE/HOMEDRIVE（win32护栏不适用）
  PASS linux G4 getHome不随process.env.HOME变化（注入隔离）
  PASS linux G5 path.sep === '/'（POSIX）
  PASS linux G6 pathImpl === node:path.posix（零自实现）
  PASS linux G6 path.join委托posix一致
  PASS linux G6 path.join结果不含反斜杠
  PASS linux G7 path.join POSIX拼接
  PASS linux G7 isAbsolute("/a/b")===true
  PASS linux G7 isAbsolute("a/b")===false
  PASS linux G7 normalize归一
  PASS linux G7 relative
  PASS linux G7 resolve
  PASS linux G8 join("~","a")==="~/a"（不展开）
  PASS linux G8 isAbsolute("~/a")===false
  PASS linux G8 normalize("~/a")保持字面
  PASS linux G9 sh直透命中→/usr/bin/sh
  PASS linux G9 sh直透未命中→null
  PASS linux G9 无sh→sh.exe别名（仅win32有）
  PASS linux G10 gh PATH优先（有PATH不看DSH_GH_PATH）
  PASS linux G11 gh兜底 PATH未命中+DSH_GH_PATH+lstat→兜底路径
  PASS linux G12 gh兜底 DSH_GH_PATH不存在→null
  PASS linux G12 无DSH_GH_PATH→null
  PASS darwin 覆盖：DSH_GH_PATH+lstat 兜底生效（与 linux 同行为）
  PASS win32 覆盖：DSH_GH_PATH+lstat 兜底生效（与 linux 同行为）
  PASS darwin 覆盖：DSH_GH_PATH 不存在→null（lstat 校验）
  PASS linux G13 env.get("$HOME")保持字面不展开
  PASS linux G13 joinHome===join(getHome(),...segs)
  PASS linux G13 joinHome≠字面"~/a"
  PASS linux G13 joinHome为绝对路径
  PASS linux createPlatform OS覆盖生效
  PASS linux OS覆盖后 sep==='/'
  PASS linux fs透传 ctx.get(fs)
  PASS linux env只读视图存在
  PASS linux env只读视图 get/has

linux 分组：146/146 通过

== 3b替代证据（无mac真机时契约即替代，三端矩阵登记） ==
  note 3b 9项需darwin真机：M1 HOME一致 / M2 HOME unset回退 / M3 sudo差异 / M4 GUI PATH精简gh / M5 sh解析 / M6 joinHome lstat / M7 环境检查7/8/9转绿 / M8 反斜杠负例 / M9 含空格home
  note 本环境为win32，无darwin runner；本测试以注入契约断言提供替代证据，已登记为「三端验证矩阵」阶段2前置项
  PASS 3b替代证据已登记（见#166 Answer与矩阵票）

== 契约方法论：真实数据采样夹具（与 #173 共享）==
  note 本票平台层断言采用“真实采样夹具”：win32 /c/Users/a 等 POSIX形态采样、darwin /Users/mock POSIX、linux /home/tester；与 #173 后端真实化共享“对象不同、方法一致”
  PASS 契约真实化方法论已沉淀（采样夹具可复现）

全部通过 — 平台层三端契约成立（I1注入可判真/I2零手拼/I3双闸），win32+darwin+linux 全量 148/148
(node:54388) [MODULE_TYPELESS_PACKAGE_JSON] Warning: Module type of file:///D:/dsh-plugin/dsh-mattpocock-skills-deck/sr
c/host/platform/index.js is not specified and it doesn't parse as CommonJS.
Reparsing as ES module because module syntax was detected. This incurs a performance overhead.
To eliminate this warning, add "type": "module" to \\?\D:\dsh-plugin\dsh-mattpocock-skills-deck\package.json.
(Use `node --trace-warnings ...` to show where the warning was created)
linux 底座契约断言（G1-G13，容器可判真）
  platform: linux, node=v24.19.0 os.homedir=C:\Users\辰辰洋洋
  PASS G1 getHome 有值不返 null（容器正常）
  PASS G1 getHome 注入 POSIX 形态：/home/tester
  PASS G1 getHome 注入值不含反斜杠
  PASS G2 getHome 空串→null（容器最小镜像/空 HOME 场景）
  PASS G3 getHome 抛异常→null（无 passwd/最小镜像场景）
  PASS G4 linux 适配器不直读 process.env.HOME（无第二真相）
  PASS G4 linux 适配器不读 USERPROFILE/HOMEDRIVE（win32 护栏不适用）
  PASS G4 getHome 不随 process.env.HOME 变化（注入隔离）
  PASS G5 path.sep === '/'（POSIX）
  PASS G6 linux pathImpl === node:path.posix（零自实现）
  PASS G6 path.join 委托 posix 一致
  PASS G6 path.join 结果不含反斜杠
  PASS G7 path.join POSIX 拼接
  PASS G7 path.isAbsolute("/a/b")===true
  PASS G7 path.isAbsolute("a/b")===false
  PASS G7 path.normalize 归一
  PASS G7 path.relative
  PASS G7 path.resolve
  PASS G8 path.join("~","a") === "~/a"（不展开）
  PASS G8 path.isAbsolute("~/a")===false（~ 非绝对）
  PASS G8 path.normalize("~/a") 保持字面
  PASS G9 sh 直透：PATH 命中时返回原路径 /usr/bin/sh
  PASS G9 sh 直透：PATH 未命中时→null（无别名映射）
  PASS G9 linux 适配器无 sh→sh.exe 别名（仅 win32 有）
  PASS G10 gh PATH 优先：有 PATH 时不看 DSH_GH_PATH（兜底≠覆盖）
  PASS G11 gh 兜底：PATH 未命中 + DSH_GH_PATH+lstat 成功→返回兜底
  PASS G12 gh 兜底：DSH_GH_PATH 指不存在→null（lstat 校验）
  PASS G12 gh 兜底：无 DSH_GH_PATH 时→null（不凭空造路径）
  PASS G13 env.get("FOO") 保持 "$HOME" 字面（不展开）
  PASS G13 path.joinHome === path.join(getHome(),...segs)
  PASS G13 joinHome 结果≠字面 "~/a"（显式 HOME 展开口）
  PASS G13 joinHome 结果为绝对路径

linux 契约：32/32 passed
全部通过 — linux 底座契约成立（容器可判真 13 项）
(node:46616) [MODULE_TYPELESS_PACKAGE_JSON] Warning: Module type of file:///D:/dsh-plugin/dsh-mattpocock-skills-deck/sr
c/host/tracker/predicateCore.js is not specified and it doesn't parse as CommonJS.
Reparsing as ES module because module syntax was detected. This incurs a performance overhead.
To eliminate this warning, add "type": "module" to \\?\D:\dsh-plugin\dsh-mattpocock-skills-deck\package.json.
(Use `node --trace-warnings ...` to show where the warning was created)
== dirWritable 原语契约（可写探测修复验收） ==
  PASS D1 可写目录 → pass
  PASS D1 写探针确实写入目标目录
  PASS D1 探针随后被清理（unlink）
  PASS D1 pass 不带「未验证可写」注记
  PASS D2 写入被拒（EACCES）→ fail
  PASS D2 详情含不可写原因
  PASS D3 目标目录不存在 → fail
  PASS D4 无写能力→回退存在性 pass（属实注明未验证可写）
  PASS D4 无写能力+不存在 → fail（不误报可写）
  PASS D5 markdown 目录含 md:scratchWritable
  PASS D5 md:scratchWritable 已切换为 dirWritable 原语
  PASS D5 探测目标为 .scratch
  PASS D5 github 目录不含 md:scratchWritable（后端物理隔离）
  PASS D6 dirWritable 合法形状（含 path）通过校验
  PASS D6 dirWritable 缺 path 被校验拦截
  PASS D7 resolve 返回 {path} 对象 → 不抛 TypeError，判定 pass
  PASS D7 resolve 返回无 path 键的对象（最坏形状）→ 同样 pass
  PASS D8 沙箱拒绝（中文）→ pending 而非 fail
  PASS D8 中文详情讲清沙箱、不写“目录不可写”
  PASS D8 沙箱拒绝（英文）→ pending 而非 fail
  PASS D8 英文详情含 sandbox 说明
  PASS D9 系统级 EACCES → 仍判 fail

dirWritable 契约：22/22 通过
全部通过 — 可写探测原语行为成立（存在≠可写，写探测为判据）
(node:39048) [MODULE_TYPELESS_PACKAGE_JSON] Warning: Module type of file:///D:/dsh-plugin/dsh-mattpocock-skills-deck/te
sts/verify-tracker-contract.js is not specified and it doesn't parse as CommonJS.
Reparsing as ES module because module syntax was detected. This incurs a performance overhead.
To eliminate this warning, add "type": "module" to \\?\D:\dsh-plugin\dsh-mattpocock-skills-deck\package.json.
(Use `node --trace-warnings ...` to show where the warning was created)
PASS  compliant-stub · map key->key  — got="3" want="3"
PASS  compliant-stub · map title->title  — got="hello" want="hello"
PASS  compliant-stub · map state->state  — got="open" want="open"
PASS  compliant-stub · key string  — key="3"
PASS  compliant-stub · effortId core (string)  — effortId=""
PASS  compliant-stub · no number field  — number present=undefined
PASS  compliant-stub · no subIssues field  — subIssues present=undefined
PASS  compliant-stub · no blocking field (Issue 无 blocking；blocking 仅 projection/派生)  — blocking present=undefined
PASS  compliant-stub · no pullRequests entity collection  — pullRequests=undefined pullRequest=undefined
PASS  compliant-stub · type ∈ {issue,map}  — type=issue
PASS  compliant-stub · parentKey core (string|null)  — parentKey=null
PASS  compliant-stub · state ∈ {open,closed}  — state=open
PASS  compliant-stub · empty.labels present(EMPTY)  — omitted(MISSING)
PASS  compliant-stub · empty.labels empty-value  — got=[]
PASS  compliant-stub · empty.assignees present(EMPTY)  — omitted(MISSING)
PASS  compliant-stub · empty.assignees empty-value  — got=[]
PASS  compliant-stub · empty.comments present(EMPTY)  — omitted(MISSING)
PASS  compliant-stub · empty.comments empty-value  — got=[]
PASS  compliant-stub · empty.blockedBy present(EMPTY)  — omitted(MISSING)
PASS  compliant-stub · empty.blockedBy empty-value  — got=[]
PASS  compliant-stub · empty.reason present(EMPTY)  — omitted(MISSING)
PASS  compliant-stub · empty.reason empty-value  — got=""
PASS  compliant-stub · empty.author omitted(MISSING)  — present=undefined
PASS  compliant-stub · empty.milestone omitted(MISSING)  — present=undefined
PASS  compliant-stub · empty.customFields omitted(MISSING)  — present=undefined
PASS  compliant-stub · closedAt string|null  — typeof=object
PASS  compliant-stub · diagnose 可运行  — log=object
PASS  compliant-stub · log.labels EMPTY  — {"label":"labels","value":"EMPTY"}
PASS  compliant-stub · log.assignees EMPTY  — {"label":"assignees","value":"EMPTY"}
PASS  compliant-stub · log.comments EMPTY  — {"label":"comments","value":"EMPTY"}
PASS  compliant-stub · log.blockedBy EMPTY  — {"label":"blockedBy","value":"EMPTY"}
PASS  compliant-stub · log.reason EMPTY  — {"label":"reason","value":"EMPTY"}
PASS  compliant-stub · log.author MISSING  — {"label":"author","value":"MISSING"}
PASS  compliant-stub · log.milestone MISSING  — {"label":"milestone","value":"MISSING"}
PASS  compliant-stub · log.customFields MISSING  — {"label":"customFields","value":"MISSING"}
PASS  compliant-stub · EMPTY≠MISSING labels  — got=[]
PASS  compliant-stub · EMPTY≠MISSING assignees  — got=[]
PASS  compliant-stub · EMPTY≠MISSING comments  — got=[]
PASS  compliant-stub · EMPTY≠MISSING blockedBy  — got=[]
PASS  compliant-stub · EMPTY≠MISSING reason  — got=""
PASS  compliant-stub · deckBits empty-open-unclaimed.claimed  — got=false want=false
PASS  compliant-stub · deckBits empty-open-unclaimed.blocked  — got=false want=false
PASS  compliant-stub · deckBits empty-open-unclaimed.frontier  — got=true want=true
PASS  compliant-stub · deckBits claimed.claimed  — got=true want=true
PASS  compliant-stub · deckBits claimed.blocked  — got=false want=false
PASS  compliant-stub · deckBits claimed.frontier  — got=false want=false
PASS  compliant-stub · deckBits blocked-open.claimed  — got=false want=false
PASS  compliant-stub · deckBits blocked-open.blocked  — got=true want=true
PASS  compliant-stub · deckBits blocked-open.frontier  — got=false want=false
PASS  compliant-stub · deckBits indeterminate-missing-assignees.claimed  — got=null want=null
PASS  compliant-stub · deckBits indeterminate-missing-assignees.blocked  — got=false want=false
PASS  compliant-stub · deckBits indeterminate-missing-assignees.frontier  — got=false want=false
PASS  compliant-stub · deckBits notfound-dep-safe-blocked.claimed  — got=false want=false
PASS  compliant-stub · deckBits notfound-dep-safe-blocked.blocked  — got=true want=true
PASS  compliant-stub · deckBits notfound-dep-safe-blocked.frontier  — got=false want=false
FAIL  violating-stub · map title->title  — got="" want="hello"
PASS  violating-stub · map state->state  — got="open" want="open"
PASS  violating-stub · key string  — key="3"
PASS  violating-stub · effortId core (string)  — effortId=""
PASS  violating-stub · no number field  — number present=undefined
PASS  violating-stub · no subIssues field  — subIssues present=undefined
PASS  violating-stub · no blocking field (Issue 无 blocking；blocking 仅 projection/派生)  — blocking present=undefined
PASS  violating-stub · no pullRequests entity collection  — pullRequests=undefined pullRequest=undefined
PASS  violating-stub · type ∈ {issue,map}  — type=issue
PASS  violating-stub · parentKey core (string|null)  — parentKey=null
PASS  violating-stub · state ∈ {open,closed}  — state=open
FAIL  violating-stub · empty.labels present(EMPTY)  — omitted(MISSING)
PASS  violating-stub · empty.labels empty-value  — got=undefined
PASS  violating-stub · empty.assignees present(EMPTY)  — omitted(MISSING)
PASS  violating-stub · empty.assignees empty-value  — got=[]
PASS  violating-stub · empty.comments present(EMPTY)  — omitted(MISSING)
PASS  violating-stub · empty.comments empty-value  — got=[]
PASS  violating-stub · empty.blockedBy present(EMPTY)  — omitted(MISSING)
PASS  violating-stub · empty.blockedBy empty-value  — got=[]
PASS  violating-stub · empty.reason present(EMPTY)  — omitted(MISSING)
PASS  violating-stub · empty.reason empty-value  — got=""
PASS  violating-stub · empty.author omitted(MISSING)  — present=undefined
PASS  violating-stub · empty.milestone omitted(MISSING)  — present=undefined
PASS  violating-stub · empty.customFields omitted(MISSING)  — present=undefined
PASS  violating-stub · closedAt string|null  — typeof=object
PASS  violating-stub · diagnose 可运行  — log=object
FAIL  violating-stub · log.labels EMPTY  — {"label":"labels","value":"MISSING"}
PASS  violating-stub · log.assignees EMPTY  — {"label":"assignees","value":"EMPTY"}
PASS  violating-stub · log.comments EMPTY  — {"label":"comments","value":"EMPTY"}
PASS  violating-stub · log.blockedBy EMPTY  — {"label":"blockedBy","value":"EMPTY"}
PASS  violating-stub · log.reason EMPTY  — {"label":"reason","value":"EMPTY"}
PASS  violating-stub · log.author MISSING  — {"label":"author","value":"MISSING"}
PASS  violating-stub · log.milestone MISSING  — {"label":"milestone","value":"MISSING"}
PASS  violating-stub · log.customFields MISSING  — {"label":"customFields","value":"MISSING"}
FAIL  violating-stub · EMPTY≠MISSING labels  — got=undefined
PASS  violating-stub · EMPTY≠MISSING assignees  — got=[]
PASS  violating-stub · EMPTY≠MISSING comments  — got=[]
PASS  violating-stub · EMPTY≠MISSING blockedBy  — got=[]
PASS  violating-stub · EMPTY≠MISSING reason  — got=""
PASS  demo-mini · map title->title  — got="Demo issue 1" want="Demo issue 1"
PASS  demo-mini · map state->state  — got="open" want="open"
PASS  demo-mini · key string  — key="1"
PASS  demo-mini · effortId core (string)  — effortId=""
PASS  demo-mini · no number field  — number present=undefined
PASS  demo-mini · no subIssues field  — subIssues present=undefined
PASS  demo-mini · no blocking field (Issue 无 blocking；blocking 仅 projection/派生)  — blocking present=undefined
PASS  demo-mini · no pullRequests entity collection  — pullRequests=undefined pullRequest=undefined
PASS  demo-mini · type ∈ {issue,map}  — type=issue
PASS  demo-mini · parentKey core (string|null)  — parentKey=null
PASS  demo-mini · state ∈ {open,closed}  — state=open
PASS  demo-mini · empty.labels present(EMPTY)  — omitted(MISSING)
PASS  demo-mini · empty.labels empty-value  — got=[]
PASS  demo-mini · empty.assignees present(EMPTY)  — omitted(MISSING)
PASS  demo-mini · empty.assignees empty-value  — got=[]
PASS  demo-mini · empty.comments present(EMPTY)  — omitted(MISSING)
PASS  demo-mini · empty.comments empty-value  — got=[]
PASS  demo-mini · empty.blockedBy present(EMPTY)  — omitted(MISSING)
PASS  demo-mini · empty.blockedBy empty-value  — got=[]
PASS  demo-mini · empty.reason present(EMPTY)  — omitted(MISSING)
PASS  demo-mini · empty.reason empty-value  — got=""
PASS  demo-mini · empty.author omitted(MISSING)  — present=undefined
PASS  demo-mini · empty.milestone omitted(MISSING)  — present=undefined
PASS  demo-mini · empty.customFields omitted(MISSING)  — present=undefined
PASS  demo-mini · closedAt string|null  — typeof=object
PASS  demo-mini · diagnose 可运行  — log=object
PASS  demo-mini · log.labels EMPTY  — {"label":"labels","value":"EMPTY"}
PASS  demo-mini · log.assignees EMPTY  — {"label":"assignees","value":"EMPTY"}
PASS  demo-mini · log.comments EMPTY  — {"label":"comments","value":"EMPTY"}
PASS  demo-mini · log.blockedBy EMPTY  — {"label":"blockedBy","value":"EMPTY"}
PASS  demo-mini · log.reason EMPTY  — {"label":"reason","value":"EMPTY"}
PASS  demo-mini · log.author MISSING  — {"label":"author","value":"MISSING"}
PASS  demo-mini · log.milestone MISSING  — {"label":"milestone","value":"MISSING"}
PASS  demo-mini · log.customFields MISSING  — {"label":"customFields","value":"MISSING"}
PASS  demo-mini · EMPTY≠MISSING labels  — got=[]
PASS  demo-mini · EMPTY≠MISSING assignees  — got=[]
PASS  demo-mini · EMPTY≠MISSING comments  — got=[]
PASS  demo-mini · EMPTY≠MISSING blockedBy  — got=[]
PASS  demo-mini · EMPTY≠MISSING reason  — got=""
PASS  demo-mini · deckBits demo-frontier.claimed  — got=false want=false
PASS  demo-mini · deckBits demo-frontier.blocked  — got=false want=false
PASS  demo-mini · deckBits demo-frontier.frontier  — got=true want=true
PASS  demo-mini · deckBits demo-indeterminate.claimed  — got=null want=null
PASS  demo-mini · deckBits demo-indeterminate.blocked  — got=false want=false
PASS  demo-mini · deckBits demo-indeterminate.frontier  — got=false want=false
PASS  github-adapter · map title->title  — got="hello" want="hello"
PASS  github-adapter · map state->state  — got="open" want="open"
PASS  github-adapter · key string  — key="42"
PASS  github-adapter · effortId core (string)  — effortId=""
PASS  github-adapter · no number field  — number present=undefined
PASS  github-adapter · no subIssues field  — subIssues present=undefined
PASS  github-adapter · no blocking field (Issue 无 blocking；blocking 仅 projection/派生)  — blocking present=undefined
PASS  github-adapter · no pullRequests entity collection  — pullRequests=undefined pullRequest=undefined
PASS  github-adapter · isPullRequest boolean  — got=false
PASS  github-adapter · mergedAt string|null  — got=null
PASS  github-adapter · reviews Review[]（每一条都有评审结论文字）  — got=[]
PASS  github-adapter · type ∈ {issue,map}  — type=issue
PASS  github-adapter · parentKey core (string|null)  — parentKey=null
PASS  github-adapter · state ∈ {open,closed}  — state=open
PASS  github-adapter · empty.labels present(EMPTY)  — omitted(MISSING)
PASS  github-adapter · empty.labels empty-value  — got=[]
PASS  github-adapter · empty.assignees present(EMPTY)  — omitted(MISSING)
PASS  github-adapter · empty.assignees empty-value  — got=[]
PASS  github-adapter · empty.comments present(EMPTY)  — omitted(MISSING)
PASS  github-adapter · empty.comments empty-value  — got=[]
PASS  github-adapter · empty.blockedBy present(EMPTY)  — omitted(MISSING)
PASS  github-adapter · empty.blockedBy empty-value  — got=[]
PASS  github-adapter · empty.reason present(EMPTY)  — omitted(MISSING)
PASS  github-adapter · empty.reason empty-value  — got=""
PASS  github-adapter · empty.customFields omitted(MISSING)  — present=undefined
PASS  github-adapter · closedAt string|null  — typeof=object
PASS  github-adapter · diagnose 可运行  — log=object
PASS  github-adapter · log.labels EMPTY  — {"label":"labels","value":"EMPTY"}
PASS  github-adapter · log.assignees EMPTY  — {"label":"assignees","value":"EMPTY"}
PASS  github-adapter · log.comments EMPTY  — {"label":"comments","value":"EMPTY"}
PASS  github-adapter · log.blockedBy EMPTY  — {"label":"blockedBy","value":"EMPTY"}
PASS  github-adapter · log.reason EMPTY  — {"label":"reason","value":"EMPTY"}
PASS  github-adapter · log.customFields MISSING  — {"label":"customFields","value":"MISSING"}
PASS  github-adapter · EMPTY≠MISSING labels  — got=[]
PASS  github-adapter · EMPTY≠MISSING assignees  — got=[]
PASS  github-adapter · EMPTY≠MISSING comments  — got=[]
PASS  github-adapter · EMPTY≠MISSING blockedBy  — got=[]
PASS  github-adapter · EMPTY≠MISSING reason  — got=""
PASS  gitlab-free(fallback) · map title->title  — got="hello" want="hello"
PASS  gitlab-free(fallback) · key string  — key="3"
PASS  gitlab-free(fallback) · effortId core (string)  — effortId=""
PASS  gitlab-free(fallback) · no number field  — number present=undefined
PASS  gitlab-free(fallback) · no subIssues field  — subIssues present=undefined
PASS  gitlab-free(fallback) · no blocking field (Issue 无 blocking；blocking 仅 projection/派生)  — blocking present=undefined
PASS  gitlab-free(fallback) · no pullRequests entity collection  — pullRequests=undefined pullRequest=undefined
PASS  gitlab-free(fallback) · type ∈ {issue,map}  — type=issue
PASS  gitlab-free(fallback) · parentKey core (string|null)  — parentKey=null
PASS  gitlab-free(fallback) · state ∈ {open,closed}  — state=open
PASS  gitlab-free(fallback) · empty.labels present(EMPTY)  — omitted(MISSING)
PASS  gitlab-free(fallback) · empty.labels empty-value  — got=[]
PASS  gitlab-free(fallback) · empty.assignees present(EMPTY)  — omitted(MISSING)
PASS  gitlab-free(fallback) · empty.assignees empty-value  — got=[]
PASS  gitlab-free(fallback) · empty.comments present(EMPTY)  — omitted(MISSING)
PASS  gitlab-free(fallback) · empty.comments empty-value  — got=[]
PASS  gitlab-free(fallback) · empty.blockedBy present(EMPTY)  — omitted(MISSING)
PASS  gitlab-free(fallback) · empty.blockedBy empty-value  — got=[]
PASS  gitlab-free(fallback) · empty.reason present(EMPTY)  — omitted(MISSING)
PASS  gitlab-free(fallback) · empty.reason empty-value  — got=""
PASS  gitlab-free(fallback) · empty.milestone omitted(MISSING)  — present=undefined
PASS  gitlab-free(fallback) · empty.customFields omitted(MISSING)  — present=undefined
PASS  gitlab-free(fallback) · closedAt string|null  — typeof=object
PASS  gitlab-free(fallback) · diagnose 可运行  — log=object
PASS  gitlab-free(fallback) · log.labels EMPTY  — {"label":"labels","value":"EMPTY"}
PASS  gitlab-free(fallback) · log.assignees EMPTY  — {"label":"assignees","value":"EMPTY"}
PASS  gitlab-free(fallback) · log.comments EMPTY  — {"label":"comments","value":"EMPTY"}
PASS  gitlab-free(fallback) · log.blockedBy EMPTY  — {"label":"blockedBy","value":"EMPTY"}
PASS  gitlab-free(fallback) · log.reason EMPTY  — {"label":"reason","value":"EMPTY"}
PASS  gitlab-free(fallback) · log.milestone MISSING  — {"label":"milestone","value":"MISSING"}
PASS  gitlab-free(fallback) · log.customFields MISSING  — {"label":"customFields","value":"MISSING"}
PASS  gitlab-free(fallback) · EMPTY≠MISSING labels  — got=[]
PASS  gitlab-free(fallback) · EMPTY≠MISSING assignees  — got=[]
PASS  gitlab-free(fallback) · EMPTY≠MISSING comments  — got=[]
PASS  gitlab-free(fallback) · EMPTY≠MISSING blockedBy  — got=[]
PASS  gitlab-free(fallback) · EMPTY≠MISSING reason  — got=""
PASS  gitlab-premium(native) · map title->title  — got="hello" want="hello"
PASS  gitlab-premium(native) · key string  — key="3"
PASS  gitlab-premium(native) · effortId core (string)  — effortId=""
PASS  gitlab-premium(native) · no number field  — number present=undefined
PASS  gitlab-premium(native) · no subIssues field  — subIssues present=undefined
PASS  gitlab-premium(native) · no blocking field (Issue 无 blocking；blocking 仅 projection/派生)  — blocking present=undefined
PASS  gitlab-premium(native) · no pullRequests entity collection  — pullRequests=undefined pullRequest=undefined
PASS  gitlab-premium(native) · type ∈ {issue,map}  — type=issue
PASS  gitlab-premium(native) · parentKey core (string|null)  — parentKey=null
PASS  gitlab-premium(native) · state ∈ {open,closed}  — state=open
PASS  gitlab-premium(native) · empty.labels present(EMPTY)  — omitted(MISSING)
PASS  gitlab-premium(native) · empty.labels empty-value  — got=[]
PASS  gitlab-premium(native) · empty.assignees present(EMPTY)  — omitted(MISSING)
PASS  gitlab-premium(native) · empty.assignees empty-value  — got=[]
PASS  gitlab-premium(native) · empty.comments present(EMPTY)  — omitted(MISSING)
PASS  gitlab-premium(native) · empty.comments empty-value  — got=[]
PASS  gitlab-premium(native) · empty.blockedBy present(EMPTY)  — omitted(MISSING)
PASS  gitlab-premium(native) · empty.blockedBy empty-value  — got=[]
PASS  gitlab-premium(native) · empty.reason present(EMPTY)  — omitted(MISSING)
PASS  gitlab-premium(native) · empty.reason empty-value  — got=""
PASS  gitlab-premium(native) · empty.milestone omitted(MISSING)  — present=undefined
PASS  gitlab-premium(native) · empty.customFields omitted(MISSING)  — present=undefined
PASS  gitlab-premium(native) · closedAt string|null  — typeof=object
PASS  gitlab-premium(native) · diagnose 可运行  — log=object
PASS  gitlab-premium(native) · log.labels EMPTY  — {"label":"labels","value":"EMPTY"}
PASS  gitlab-premium(native) · log.assignees EMPTY  — {"label":"assignees","value":"EMPTY"}
PASS  gitlab-premium(native) · log.comments EMPTY  — {"label":"comments","value":"EMPTY"}
PASS  gitlab-premium(native) · log.blockedBy EMPTY  — {"label":"blockedBy","value":"EMPTY"}
PASS  gitlab-premium(native) · log.reason EMPTY  — {"label":"reason","value":"EMPTY"}
PASS  gitlab-premium(native) · log.milestone MISSING  — {"label":"milestone","value":"MISSING"}
PASS  gitlab-premium(native) · log.customFields MISSING  — {"label":"customFields","value":"MISSING"}
PASS  gitlab-premium(native) · EMPTY≠MISSING labels  — got=[]
PASS  gitlab-premium(native) · EMPTY≠MISSING assignees  — got=[]
PASS  gitlab-premium(native) · EMPTY≠MISSING comments  — got=[]
PASS  gitlab-premium(native) · EMPTY≠MISSING blockedBy  — got=[]
PASS  gitlab-premium(native) · EMPTY≠MISSING reason  — got=""
PASS  gitlab-free · blockedBy fallback parsed
PASS  gitlab-premium · blockedBy native preferred
PASS  gitlab · milestone split (with vs omitted)
PASS  gitlab · labels EMPTY + no legacy fields
PASS  gitlab · parentKey earliest relates_to
PASS  demo-playback · fixtures dir exists  — examples/demo-mini/fixtures/demo-real
PASS  demo-playback · metadata exists  — {"source":"examples/demo-mini in-memory store (seed fixtures)","sampledAt":"2024-01-15T00:00:00Z","repo":{"backend":"demo-mini","refId":"demo","name":"demo","url":""},"refId":"demo","desensitization":{"rules":["ghp_* → [REDACTED]","github_pat_* → [REDACTED]","email → redacted@example.com","no Author
PASS  demo-playback · has normalized fixtures  — count=2
PASS  demo-playback · has raw fixtures  — count=2
PASS  demo-playback · normalized-1.json has key string  — "1"
PASS  demo-playback · normalized-1.json no number
PASS  demo-playback · normalized-1.json no subIssues
PASS  demo-playback · normalized-1.json no blocking
PASS  demo-playback · normalized-1.json state two-state  — open
PASS  demo-playback · normalized-1.json diagnose runnable
PASS  demo-playback · normalized-2.json has key string  — "2"
PASS  demo-playback · normalized-2.json no number
PASS  demo-playback · normalized-2.json no subIssues
PASS  demo-playback · normalized-2.json no blocking
PASS  demo-playback · normalized-2.json state two-state  — open
PASS  demo-playback · normalized-2.json diagnose runnable
PASS  demo-playback · desensitization no token
PASS  demo-mini · list returns seed 2 issues
PASS  demo-mini · getDependencies blockedBy projection
PASS  demo-mini · getDependencies blocking empty (seed 2 not blocked)
PASS  demo-mini · proxy hint: unimplemented ops via registry  — no close (proxy will handle — expected for 4-op demo)
PASS  demo-mini · registry Proxy stubs 9 ops → unsupported
PASS  demo-mini · matches returns boolean  — got=false
PASS  pr-shape-capable · map title->title  — got="pr" want="pr"
PASS  pr-shape-capable · map isPullRequest->isPullRequest  — got=true want=true
PASS  pr-shape-capable · map mergedAt->mergedAt  — got="2024-02-01T00:00:00Z" want="2024-02-01T00:00:00Z"
PASS  pr-shape-capable · map reviews->reviews  — got=[{"state":"approved","reviewer":{"login":"alice"},"submittedAt":"2024-01-31T00:00:00Z"}] want=[{"state":"approved","reviewer":{"login":"alice"},"submittedAt":"2024-01-31T00:00:00Z"}]
PASS  pr-shape-capable · key string  — key="7"
PASS  pr-shape-capable · effortId core (string)  — effortId=""
PASS  pr-shape-capable · no number field  — number present=undefined
PASS  pr-shape-capable · no subIssues field  — subIssues present=undefined
PASS  pr-shape-capable · no blocking field (Issue 无 blocking；blocking 仅 projection/派生)  — blocking present=undefined
PASS  pr-shape-capable · no pullRequests entity collection  — pullRequests=undefined pullRequest=undefined
PASS  pr-shape-capable · isPullRequest boolean  — got=true
PASS  pr-shape-capable · mergedAt string|null  — got="2024-02-01T00:00:00Z"
PASS  pr-shape-capable · reviews Review[]（每一条都有评审结论文字）  — got=[{"state":"approved","reviewer":{"login":"alice"},"submittedAt":"2024-01-31T00:00:00Z"}]
PASS  pr-shape-capable · type ∈ {issue,map}  — type=issue
PASS  pr-shape-capable · parentKey core (string|null)  — parentKey=null
PASS  pr-shape-capable · state ∈ {open,closed}  — state=open
PASS  pr-shape-capable · empty.labels present(EMPTY)  — omitted(MISSING)
PASS  pr-shape-capable · empty.labels empty-value  — got=[]
PASS  pr-shape-capable · empty.assignees present(EMPTY)  — omitted(MISSING)
PASS  pr-shape-capable · empty.assignees empty-value  — got=[]
PASS  pr-shape-capable · empty.comments present(EMPTY)  — omitted(MISSING)
PASS  pr-shape-capable · empty.comments empty-value  — got=[]
PASS  pr-shape-capable · empty.blockedBy present(EMPTY)  — omitted(MISSING)
PASS  pr-shape-capable · empty.blockedBy empty-value  — got=[]
PASS  pr-shape-capable · empty.reason present(EMPTY)  — omitted(MISSING)
PASS  pr-shape-capable · empty.reason empty-value  — got=""
PASS  pr-shape-capable · empty.mergedAt present(EMPTY)  — omitted(MISSING)
PASS  pr-shape-capable · empty.mergedAt empty-value  — got=null
PASS  pr-shape-capable · empty.reviews present(EMPTY)  — omitted(MISSING)
PASS  pr-shape-capable · empty.reviews empty-value  — got=[]
PASS  pr-shape-capable · empty.author omitted(MISSING)  — present=undefined
PASS  pr-shape-capable · empty.milestone omitted(MISSING)  — present=undefined
PASS  pr-shape-capable · empty.customFields omitted(MISSING)  — present=undefined
PASS  pr-shape-capable · closedAt string|null  — typeof=object
PASS  pr-shape-capable · diagnose 可运行  — log=object
PASS  pr-shape-capable · log.labels EMPTY  — {"label":"labels","value":"EMPTY"}
PASS  pr-shape-capable · log.assignees EMPTY  — {"label":"assignees","value":"EMPTY"}
PASS  pr-shape-capable · log.comments EMPTY  — {"label":"comments","value":"EMPTY"}
PASS  pr-shape-capable · log.blockedBy EMPTY  — {"label":"blockedBy","value":"EMPTY"}
PASS  pr-shape-capable · log.reason EMPTY  — {"label":"reason","value":"EMPTY"}
PASS  pr-shape-capable · log.mergedAt EMPTY  — {"label":"mergedAt","value":"EMPTY"}
PASS  pr-shape-capable · log.reviews EMPTY  — {"label":"reviews","value":"EMPTY"}
PASS  pr-shape-capable · log.author MISSING  — {"label":"author","value":"MISSING"}
PASS  pr-shape-capable · log.milestone MISSING  — {"label":"milestone","value":"MISSING"}
PASS  pr-shape-capable · log.customFields MISSING  — {"label":"customFields","value":"MISSING"}
PASS  pr-shape-capable · EMPTY≠MISSING labels  — got=[]
PASS  pr-shape-capable · EMPTY≠MISSING assignees  — got=[]
PASS  pr-shape-capable · EMPTY≠MISSING comments  — got=[]
PASS  pr-shape-capable · EMPTY≠MISSING blockedBy  — got=[]
PASS  pr-shape-capable · EMPTY≠MISSING reason  — got=""
PASS  pr-shape-capable · EMPTY≠MISSING mergedAt  — got=null
PASS  pr-shape-capable · EMPTY≠MISSING reviews  — got=[]
PASS  pr-shape-capable · empty keeps boolean flag  — got=false
PASS  pr-shape-omitting · map key->key  — got="3" want="3"
PASS  pr-shape-omitting · map title->title  — got="hello" want="hello"
PASS  pr-shape-omitting · map state->state  — got="open" want="open"
PASS  pr-shape-omitting · key string  — key="3"
PASS  pr-shape-omitting · effortId core (string)  — effortId=""
PASS  pr-shape-omitting · no number field  — number present=undefined
PASS  pr-shape-omitting · no subIssues field  — subIssues present=undefined
PASS  pr-shape-omitting · no blocking field (Issue 无 blocking；blocking 仅 projection/派生)  — blocking present=undefined
PASS  pr-shape-omitting · no pullRequests entity collection  — pullRequests=undefined pullRequest=undefined
PASS  pr-shape-omitting · type ∈ {issue,map}  — type=issue
PASS  pr-shape-omitting · parentKey core (string|null)  — parentKey=null
PASS  pr-shape-omitting · state ∈ {open,closed}  — state=open
PASS  pr-shape-omitting · empty.labels present(EMPTY)  — omitted(MISSING)
PASS  pr-shape-omitting · empty.labels empty-value  — got=[]
PASS  pr-shape-omitting · empty.assignees present(EMPTY)  — omitted(MISSING)
PASS  pr-shape-omitting · empty.assignees empty-value  — got=[]
PASS  pr-shape-omitting · empty.comments present(EMPTY)  — omitted(MISSING)
PASS  pr-shape-omitting · empty.comments empty-value  — got=[]
PASS  pr-shape-omitting · empty.blockedBy present(EMPTY)  — omitted(MISSING)
PASS  pr-shape-omitting · empty.blockedBy empty-value  — got=[]
PASS  pr-shape-omitting · empty.reason present(EMPTY)  — omitted(MISSING)
PASS  pr-shape-omitting · empty.reason empty-value  — got=""
PASS  pr-shape-omitting · empty.author omitted(MISSING)  — present=undefined
PASS  pr-shape-omitting · empty.milestone omitted(MISSING)  — present=undefined
PASS  pr-shape-omitting · empty.customFields omitted(MISSING)  — present=undefined
PASS  pr-shape-omitting · closedAt string|null  — typeof=object
PASS  pr-shape-omitting · diagnose 可运行  — log=object
PASS  pr-shape-omitting · log.labels EMPTY  — {"label":"labels","value":"EMPTY"}
PASS  pr-shape-omitting · log.assignees EMPTY  — {"label":"assignees","value":"EMPTY"}
PASS  pr-shape-omitting · log.comments EMPTY  — {"label":"comments","value":"EMPTY"}
PASS  pr-shape-omitting · log.blockedBy EMPTY  — {"label":"blockedBy","value":"EMPTY"}
PASS  pr-shape-omitting · log.reason EMPTY  — {"label":"reason","value":"EMPTY"}
PASS  pr-shape-omitting · log.author MISSING  — {"label":"author","value":"MISSING"}
PASS  pr-shape-omitting · log.milestone MISSING  — {"label":"milestone","value":"MISSING"}
PASS  pr-shape-omitting · log.customFields MISSING  — {"label":"customFields","value":"MISSING"}
PASS  pr-shape-omitting · EMPTY≠MISSING labels  — got=[]
PASS  pr-shape-omitting · EMPTY≠MISSING assignees  — got=[]
PASS  pr-shape-omitting · EMPTY≠MISSING comments  — got=[]
PASS  pr-shape-omitting · EMPTY≠MISSING blockedBy  — got=[]
PASS  pr-shape-omitting · EMPTY≠MISSING reason  — got=""
PASS  pr-shape-omitting · deckBits empty-open-unclaimed.claimed  — got=false want=false
PASS  pr-shape-omitting · deckBits empty-open-unclaimed.blocked  — got=false want=false
PASS  pr-shape-omitting · deckBits empty-open-unclaimed.frontier  — got=true want=true
PASS  pr-shape-omitting · deckBits claimed.claimed  — got=true want=true
PASS  pr-shape-omitting · deckBits claimed.blocked  — got=false want=false
PASS  pr-shape-omitting · deckBits claimed.frontier  — got=false want=false
PASS  pr-shape-omitting · deckBits blocked-open.claimed  — got=false want=false
PASS  pr-shape-omitting · deckBits blocked-open.blocked  — got=true want=true
PASS  pr-shape-omitting · deckBits blocked-open.frontier  — got=false want=false
PASS  pr-shape-omitting · deckBits indeterminate-missing-assignees.claimed  — got=null want=null
PASS  pr-shape-omitting · deckBits indeterminate-missing-assignees.blocked  — got=false want=false
PASS  pr-shape-omitting · deckBits indeterminate-missing-assignees.frontier  — got=false want=false
PASS  pr-shape-omitting · deckBits notfound-dep-safe-blocked.claimed  — got=false want=false
PASS  pr-shape-omitting · deckBits notfound-dep-safe-blocked.blocked  — got=true want=true
PASS  pr-shape-omitting · deckBits notfound-dep-safe-blocked.frontier  — got=false want=false
PASS  pr-shape · malformed isPullRequest caught
PASS  pr-shape · malformed reviews caught
PASS  pr-shape · malformed mergedAt caught
PASS  pr-shape · standalone entity caught
PASS  contract · OPERATIONS 与定版 OpName 完全一致  — got=["preflight","list","get","getDependencies","create","close","reopen","comment","update","setLabels","setAssignees","setParent","setBlockedBy","getCurrentUser","initProject","listLabels","setLabelColors","counts"]
PASS  contract · 无 detect/legacy/snapshot 混入
PASS  contract · TRACKER_CONTRACT.operations 与 OPERATIONS 同一引用
PASS  contract · OPERATIONS 冻结
PASS  contract · 模块导出不泄露 detect/旧检测面  — NORMALIZE_RULES,OPERATIONS,TRACKER_CONTRACT
PASS  contract · ERROR_KIND 新枚举值（rate-limit/not-found/conflict）  — {"ENV":"env","AUTH":"auth","RATELIMIT":"rate-limit","CONFLICT":"conflict","UNSUPPORTED":"unsupported","NOTFOUND":"not-found","NETWORK":"network","PARSE":"parse"}
PASS  contract · TRACKER_CONTRACT.errorKind 含 conflict
PASS  contract · ✗ probe: planted detect+legacy 被逮  — checker missed detect/label
PASS  contract · ✗ probe: planted snapshot-as-op 被逮  — checker missed snapshot
PASS  contract · ✗ probe: planted 意外 op 被逮  — checker missed unknown op
PASS  contract · ✗ probe: 缺 getDependencies 被逮  — checker missed missing getDependencies
PASS  contract · ✗ probe: 标签配色之外的自造操作名被逮  — checker missed a near-miss op name
PASS  registry · register 返回 Disposable(dispose)
PASS  registry · get(id).id === 模块 id
PASS  registry · 命中未实现 op → unsupported 桩（返回不抛）  — stub must return unsupported
PASS  registry · 已实现 op 原样可用  — implemented list must work
PASS  registry · duplicate-id 默认抛错  — duplicate without replace must throw
PASS  registry · replace:true 允许 HMR 覆盖  — replace must not duplicate entries
PASS  registry · 'other' 弃用不注册  — 'other' must be rejected
PASS  registry · 形状违规拒绝：缺 create  — missing create must throw shape
PASS  registry · 形状违规拒绝：缺 matches  — missing matches must throw shape
PASS  registry · 形状违规拒绝：空 id  — empty id must throw shape
PASS  registry · create 说谎拒绝：返回非对象  — create() returning non-object must throw shape
PASS  registry · create 说谎拒绝：id 不一致  — inconsistent id must throw shape (契约说真话)
PASS  registry · unregister 幂等 + modules 移除  — unregister must be idempotent
PASS  registry · Disposable.dispose 触发卸载  — dispose must unregister
PASS  registry · replace 后旧代 dispose 不误杀新代（按代隔离）  — dispose of a replaced generation must not kill the new tracker
PASS  registry · unregister stale bind 负载含真实 handle（F6）  — stale bind notification must carry the real handle, not a string key
PASS  registry · on(register) 触发 + 取消订阅  — listener must fire once and stop after unsubscribe
PASS  registry · 监听抛错隔离  — a throwing listener must not block others
PASS  registry · 非法事件名抛 bad-event  — unknown event must throw
PASS  registry · explicit: bind → select 命中且出 ref  — bound handle must short-circuit to explicit
PASS  registry · explicit null: 无后端（ref 省略）  — Selection.backendId:null must omit ref
PASS  registry · matches 单命中 → source matches + ref  — single matches must choose the hit
PASS  registry · multiHit：平局=注册序 + multiHit 暴露  — tie must pick first registered and expose multiHit
PASS  registry · fallback：无 explicit/match/pending → null + 无 ref  — no match must fallback to null (ref omitted)
PASS  registry · pending：matches 超时 → pending:true + backendId:null  — timeout must surface pending:true (仲裁未决), not silently OtherCard
PASS  registry · pending 被排除：有命中时选命中但保留 pending:true  — pending must not join decision set
PASS  registry · matches 抛错 → 按 false（不炸 select）  — throwing matches must degrade to false
PASS  registry · OpContext.signal 传给 matches（AbortSignal）  — signal must be injected into matches ctx
PASS  registry · bind 未注册后端抛 unknown-backend  — bind to unregistered must throw
PASS  registry · bound() 三态（undefined/null/id）  — bound must distinguish never/explicit-null/id
PASS  registry · describe 出 RepositoryRef（markdown refId=cwd）  — describe must yield backend/refId/name/url
PASS  registry · MIGRATE_KEY = {other:null} 先落地  — {"other":null}
PASS  registry · ✗ probe: 未实现 op 冒充成功被逮  — missing op must NOT lie ok:true
PASS  preflight · auth 先于 rate-limit（403+rate limit → auth）  — got=auth
PASS  preflight · env 先于 not-found（command not found）  — got=env
PASS  preflight · env 先于 not-found（no such file）  — got=env
PASS  preflight · auth（401/unauthorized）
PASS  preflight · rate-limit（429 无 auth 标记）
PASS  preflight · not-found（404/not found）
PASS  preflight · unsupported（not implemented）
PASS  preflight · parse（invalid json）
PASS  preflight · network（ECONNREFUSED/fetch failed/timeout）
PASS  preflight · 透传：{kind:conflict}
PASS  preflight · 透传：{error:{kind:conflict}}
PASS  preflight · 透传：{error:{kind:unsupported}}
PASS  preflight · 空/未知 → 兜底 NETWORK
PASS  preflight · fail() 返回统一失败形状  — {"ok":false,"error":{"kind":"conflict","message":"self in blockers"}}
PASS  preflight · ✗ probe: 错序分类器（not-found 先于 env）会把 env 误判为 not-found  — prove env-first is real (wrong order misclassifies)
PASS  preflight · ✗ probe: conflict 靠透传不靠 regex  — got=network
PASS  deck · parseProgress 标题行  — 42
PASS  deck · parseProgress 行首变体（Progress:）
PASS  deck · parseProgress 全文兜底
PASS  deck · parseProgress 超界 clamp 100
PASS  deck · parseProgress 无进度 → null
PASS  deck · progressOf 每票基数
PASS  deck · labels 全量并集 + 名称唯一（首个颜色）  — [{"name":"bug","color":"red"},{"name":"feat","color":""}]
PASS  deck · blockedByKeys 投影为 key 数组
PASS  deck · levelOf DAG 最长路径（a=0,b=1,c=2）  — {"m1":0,"a":0,"b":1,"c":2,"d":0,"e":0,"f":0}
PASS  deck · levels 数组按层聚合  — [{"total":4,"open":4,"closed":0},{"total":1,"open":1,"closed":0},{"total":1,"open":1,"closed":0}]
PASS  deck · stats.total/open/closed  — {"total":5,"open":4,"closed":1,"frontier":1,"claimed":1,"blocked":1,"indeterminate":1,"levels":[{"total":4,"open":3,"closed":1},{"total":1,"open":1,"closed":0}],"levelOf":{"m1":0,"frontier":0,"claimed":0,"blocked":1,"indet":0,"closed":0}}
PASS  deck · claimed 独立计数
PASS  deck · blocked 独立计数
PASS  deck · indeterminate 计数（assignees MISSING）
PASS  deck · frontier 排除 indeterminate/claimed/blocked/closed  — frontier=1
PASS  deck · NFD → blocked=true（安全，绝不误判 frontier）  — {"total":1,"open":1,"closed":0,"frontier":0,"claimed":0,"blocked":1,"indeterminate":0,"levels":[{"total":1,"open":1,"closed":0}],"levelOf":{"m1":0,"nfd":1}}
PASS  deck · NFD levelOf 按 0 计 → 占层级 level=1  — level=1
PASS  deck · ✗ probe: NFD 若被误当满足 → 会错判 frontier（自证）  — NFD semantic must be distinguishable from naive (satisfied)
PASS  deck · 跨 effort 同号引用留白 → 不算 blocked（frontier=3）  — {"total":3,"open":3,"closed":0,"frontier":3,"claimed":0,"blocked":0,"indeterminate":0,"levels":[{"total":2,"open":2,"closed":0},{"total":1,"open":1,"closed":0}],"levelOf":{"alpha\u0000m1":0,"alpha\u000001":0,"alpha\u000002":0,"beta\u0000m2":0,"beta\u000001":1}}
PASS  deck · 环：终止且层级有限（均 ≥0，其一 ≥1）  — {"m1":0,"c1":2,"c2":1}
PASS  deck · ✗ probe: 无守卫实现会栈溢出（自证）  — deriveDeck(cycle) must return (visited guard)
PASS  deck · 孤儿（破链）计入 deck stats  — {"total":1,"open":1,"closed":0,"frontier":1,"claimed":0,"blocked":0,"indeterminate":0,"levels":[{"total":1,"open":1,"closed":0}],"levelOf":{"m1":0,"orphan":0}}
PASS  deck · 同号异类计两票（普通 5 与拉取请求 5 不丢任一）  — {"total":2,"open":2,"closed":0,"frontier":2,"claimed":0,"blocked":0,"indeterminate":0,"levels":[{"total":2,"open":2,"closed":0}],"levelOf":{"m1":0,"5\u0000issue":0,"5\u0000pr":0}}
PASS  deck · ✗ probe: 双 5 各有牌面（progressOf 按池内身份键入）  — ["m1","5\u0000issue","5\u0000pr"]
PASS  deck · ✗ probe: false 与 MISSING 不再混同（同键计两票）  — {"total":2,"keys":["9","m1","9\u0000issue"]}
PASS  deck · ✗ probe: BAD 单独隔离（混合返回不断言一致，不抛不吞）  — {"total":2,"keys":["m1","5\u0000issue","5\u0000bad"]}
PASS  snapshot · compose 成功且出 deck
PASS  snapshot · repository 回填 ref
PASS  snapshot · maps 挂一层 tickets
PASS  snapshot · 孤儿（破链）归 issues
PASS  snapshot · deck 覆盖全量（map.tickets + orphan；map 节点是容器不重复计数）  — {"total":2,"open":2,"closed":0,"frontier":2,"claimed":0,"blocked":0,"indeterminate":0,"levels":[{"total":2,"open":2,"closed":0}],"levelOf":{"m1":0,"t1":0,"o1":0}}
PASS  snapshot · composeSnapshot 非 op：OPERATIONS 不含 snapshot
PASS  snapshot · 命中快照缓存（list 只调一次）  — listCalls=1
PASS  snapshot · force 绕过缓存 → 重新 list  — listCalls=2
PASS  snapshot · force 后缓存已刷新
PASS  snapshot · invalidateSnapshot → 重新 list  — listCalls=3
PASS  snapshot · clear → 重新 list  — listCalls=4
PASS  snapshot · ✗ probe: TTL 过期 → 重新 list（不 Serve 陈旧）  — listCalls=6
PASS  snapshot · TTL 过期后已重新缓存
PASS  snapshot · 依赖 LRU：第二次命中（只调一次 op）  — depCalls=1
PASS  snapshot · invalidateDependencies(key) → 重新调 op  — depCalls=2
PASS  snapshot · invalidateDependencies(无 key) 清空该 repo  — depCalls=3
PASS  snapshot · ✗ probe: unsupported 每调必达 op（不缓存）  — unsupCalls=2
PASS  snapshot · 快路径生效（list 不调，deck 照常派生）  — fastUsed=1 listCalls=0
PASS  snapshot · ✗ probe: 快路径不完整 → 回落 list（桩不误导）  — fastUsed=1 listCalls=1
PASS  snapshot · map 区块解析：destination/notes/decisions/fog/outOfScope 命中正文  — {"m1":{"destination":"做好一件事","notes":"背景说明","decisions":[{"title":"定版：先修详情页","url":"https://example.com/1","gist":"理由一"}],"fog":["- 迷雾一"],"outOfScope":["- 不做二"]}}
PASS  snapshot · map 区块字段恒为 EMPTY（正文为空也给数组/字符串，不 MISSING）  — {"m2":{"destination":"","notes":"","decisions":[],"fog":[],"outOfScope":[]}}
PASS  snapshot · 同池 tickets：普通工单与拉取请求同挂一图  — [{"key":"5","title":"Issue5","isPullRequest":false},{"key":"6","title":"PR6","isPullRequest":true}]
PASS  snapshot · ✗ probe: 同号异类不互吞（已挂载工单 5 不吞掉孤儿拉取请求 5）  — ["PR5-orphan","PR7-orphan","Legacy8"]
PASS  snapshot · EMPTY-MISSING 口径：有字段原样带、无字段保持省略  — {"pr6reviews":[{"state":"approved","reviewer":{"login":"r1"},"submittedAt":"2024-01-03T00:00:00Z"}],"legacyKeys":["type","title","state","body","url","createdAt","updatedAt","closedAt","parentKey","labels","assignees","blockedBy","comments","reason","key"]}
PASS  snapshot · 牌面派生覆盖拉取请求（池内身份全覆盖，不丢任一）  — {"total":5,"keys":["8","m1","5\u0000issue","6\u0000pr","5\u0000pr","7\u0000pr"]}
PASS  snapshot · ✗ probe: 同键双票不丢（普通 5 与拉取请求 5 各记一票）  — ["8","m1","5\u0000issue","6\u0000pr","5\u0000pr","7\u0000pr"]
PASS  snapshot · 同数据强制重建 → 版号不变（可复现）  — v1=ebd64b15 again=ebd64b15
PASS  snapshot · ✗ probe: 只改合并时间 → 版号变化（不 served 陈旧 304）  — v1=ebd64b15 merged=ef6e3c52
PASS  snapshot · ✗ probe: MISSING 变 EMPTY（false）→ 版号变化  — merged=ef6e3c52 missing=945afd1f
PASS  snapshot · 同仓库键不同后端 → 各建各的缓存（list 调两次）  — listCalls=2
PASS  snapshot · ✗ probe: LRU20 逐出最早的仓库（第 21 个挤掉第 1 个 → 重新 list）  — listCalls=24 before=23
PASS  snapshot · LRU 内仍热 → 不重新 list  — listCalls=24
PASS  snapshot · ✗ probe: 命中刷新顺序（刚命中的 lru-0 不被逐出）  — listCalls=21 before=21
PASS  snapshot · ✗ probe: 最久未用被逐出（未命中的 lru-1 重新 list）  — listCalls=22 before=21
PASS  snapshot · ✗ probe: false 与 MISSING 同键各算各的（孤儿不被吞）  — {"issues":["Legacy9"],"total":2}
PASS  snapshot · 未命中记常驻（首建原因记 empty，只记原因枚举）  — {"level":"info","event":"snapshot.cache.miss","fields":{"reason":"empty"}}
PASS  snapshot · 强制重建记未命中原因 force  — {"level":"info","event":"snapshot.cache.miss","fields":{"reason":"force"}}
PASS  snapshot · 命中记按需（开着百分之一采样：150 次命中记 1 次，只记 kind 与 ageMs）  — [{"level":"debug","event":"snapshot.cache.hit","fields":{"kind":"snapshot-lru","ageMs":0}}]
PASS  snapshot · ✗ probe: 关调试开关 → 按需命中零记录，常驻未命中照记  — hits=0 miss=[{"level":"info","event":"snapshot.cache.miss","fields":{"reason":"empty"}}]
PASS  snapshot · 后端计数的三个数写进 deck.counts（面板不再自己数池子）  — {"open":1,"closed":1,"total":2}
PASS  snapshot · 池子装全了（工单行数 == 后端说的总数）→ partial 为假  — partial=false
PASS  snapshot · 同数据重建 → 版号不变（可复现）  — v1=6ad426dd again=6ad426dd
PASS  snapshot · ✗ probe: 后端数字变了 → 版号变化且不回 304（数字变了不许被 304 糊过去）  — v1=6ad426dd changed=6ae24220 notModified=undefined
PASS  snapshot · ✗ probe: 池子被截断（总数 649 > 手上 2 行）→ partial 为真（夹具覆盖「池子被截断 + 总数更大」这一态）  — partial=true version=069bb067 v2=6ae24220
PASS  snapshot · 拿不到计数（后端没实现（注册表补的 unsupported 桩））→ 不写 deck.counts、partial 置真（界面据此说「这份清单不全」）  — {"partial":true}
PASS  snapshot · ✗ probe: 计数失败不被缓存（后端没实现（注册表补的 unsupported 桩）：每次重建都再问一次）  — countsCalls=2
PASS  snapshot · 拿不到计数（配额耗尽）→ 不写 deck.counts、partial 置真（界面据此说「这份清单不全」）  — {"partial":true}
PASS  snapshot · ✗ probe: 计数失败不被缓存（配额耗尽：每次重建都再问一次）  — countsCalls=2
PASS  snapshot · 拿不到计数（回了个坏形状（数字缺失 / 不是整数））→ 不写 deck.counts、partial 置真（界面据此说「这份清单不全」）  — {"partial":true}
PASS  snapshot · ✗ probe: 计数失败不被缓存（回了个坏形状（数字缺失 / 不是整数）：每次重建都再问一次）  — countsCalls=2
PASS  snapshot · ✗ probe: 池子行数（2）比后端说的总数（1）还多 → partial 置真（数字不可信的另一种情形）  — partial=true
PASS  snapshot · 拉取请求不计入「池子装全了没有」的判据（工单口径：2 张工单 == 总数 2 → partial 为假）  — {"partial":false,"rows":3}
PASS  snapshot · 未知后端 → ok:false error  — {"ok":false,"error":{"kind":"unsupported","message":"backend 'ghost' not registered (composition aborted)"}}
PASS  chain · validate 合法项无错
PASS  chain · validate 缺 id 必错  — 需提供 item.id 或 string check（链内唯一键）
PASS  chain · validate 重复 id 必错  — [1] duplicate id/check: dup
PASS  chain · validate 未知 action type 不判错（留给 dispatcher unsupported）
PASS  chain · validate form 缺 submitAction 必错  — onFail.actions[0]: form 需 submitAction/submit
PASS  chain · validate form 合法无错
PASS  chain · 空链 allDone  — {"steps":[],"currentIndex":null,"failedIndex":null,"doneCount":0,"applicableCount":0,"totalCount":0,"chainState":"empty","version":"1","isComplete":false,"hasBlockingFailure":false,"blockingCheck":null}
PASS  chain · 单项 pass → done/allDone  — {"id":"a","check":{"kind":"primitive","primitive":"env","key":"HOME"},"status":"done","show":{"i18nKey":"ok.a","fallback":"ok"},"actions":[],"isApplicable":true,"blockedBy":null,"isCurrent":false,"isBlocking":false}
PASS  chain · progress 单项 pass 100%  — {"done":1,"total":1,"percent":100}
PASS  chain · 单项 fail 有动作 → current  — {"id":"a","check":{"kind":"primitive","primitive":"commandExists","command":"gh"},"status":"current","show":{"fallback":"gh missing"},"actions":[{"type":"inject-prompt","prompt":"ghAuthLogin"}],"isApplicable":true,"blockedBy":null,"isCurrent":true,"isBlocking":true}
PASS  chain · capsule current  — {"kind":"current","labelKey":"chain.current","fallback":"gh missing"}
PASS  chain · 单项 fail 无动作 → fail  — {"id":"a","check":{"kind":"primitive","primitive":"env","key":"HOME"},"status":"fail","show":{"fallback":"no env"},"actions":[],"isApplicable":true,"blockedBy":null,"isCurrent":true,"isBlocking":true}
PASS  chain · 单项 pending → pending/pending  — {"id":"a","check":{"kind":"primitive","primitive":"commandExists","command":"gh"},"status":"pending","show":{"i18nKey":"fail.a","fallback":"fail a"},"actions":[{"type":"refresh","target":"chain"}],"isApplicable":true,"blockedBy":null,"isCurrent":true,"isBlocking":true}
PASS  chain · 旧 na 输入现归 pending（2026-08-27 已删 na）  — {"steps":[{"id":"a","check":{"kind":"backend","id":"gh:installed","backendId":"github"},"status":"pending","show":{"i18nKey":"fail.a","fallback":"fail a"},"actions":[{"type":"refresh","target":"chain"}],"isApplicable":true,"blockedBy":null,"isCurrent":true,"isBlocking":true}],"currentIndex":0,"failedIndex":0,"doneCount":0,"applicableCount":1,"totalCount":1,"chainState":"pending","version":"1","isComplete":false,"hasBlockingFailure":true,"blockingCheck":"a"}
PASS  chain · 删 na 后无 NA 状态  — {"steps":[{"id":"a","check":{"kind":"backend","id":"gh:installed","backendId":"github"},"status":"pending","show":{"i18nKey":"fail.a","fallback":"fail a"},"actions":[{"type":"refresh","target":"chain"}],"isApplicable":true,"blockedBy":null,"isCurrent":true,"isBlocking":true}],"currentIndex":0,"failedIndex":0,"doneCount":0,"applicableCount":1,"totalCount":1,"chainState":"pending","version":"1","isComplete":false,"hasBlockingFailure":true,"blockingCheck":"a"}
PASS  chain · 前 fail 后 pass 后 pending（被阻塞）  — [{"id":"a","check":{"kind":"primitive","primitive":"commandExists","command":"gh"},"status":"current","show":{"i18nKey":"fail.a","fallback":"fail a"},"actions":[{"type":"refresh","target":"chain"}],"isApplicable":true,"blockedBy":null,"isCurrent":true,"isBlocking":true},{"id":"b","check":{"kind":"primitive","primitive":"env","key":"HOME"},"status":"pending","show":null,"actions":[],"isApplicable":true,"blockedBy":"a","isCurrent":false,"isBlocking":false}]
PASS  chain · 前 pass 后 fail 后 current  — [{"id":"a","check":{"kind":"primitive","primitive":"commandExists","command":"gh"},"status":"done","show":{"i18nKey":"ok.a","fallback":"ok"},"actions":[],"isApplicable":true,"blockedBy":null,"isCurrent":false,"isBlocking":false},{"id":"b","check":{"kind":"primitive","primitive":"env","key":"HOME"},"status":"current","show":{"i18nKey":"fail.b","fallback":"fail b"},"actions":[{"type":"refresh","target":"chain"}],"isApplicable":true,"blockedBy":null,"isCurrent":true,"isBlocking":true}]
PASS  chain · 刪 na 後 pending 阻塞  — ["done","pending","pending"]
PASS  chain · 删 na 后 applicableCount=total  — {"steps":[{"id":"a","check":{"kind":"primitive","primitive":"commandExists","command":"gh"},"status":"done","show":{"i18nKey":"ok.a","fallback":"ok"},"actions":[],"isApplicable":true,"blockedBy":null,"isCurrent":false,"isBlocking":false},{"id":"b","check":{"kind":"backend","id":"gh:installed"},"status":"pending","show":{"i18nKey":"fail.b","fallback":"fail b"},"actions":[{"type":"refresh","target":"chain"}],"isApplicable":true,"blockedBy":null,"isCurrent":true,"isBlocking":true},{"id":"c","check":{"kind":"primitive","primitive":"env","key":"HOME"},"status":"pending","show":null,"actions":[],"isApplicable":true,"blockedBy":"b","isCurrent":false,"isBlocking":false}],"currentIndex":1,"failedIndex":1,"doneCount":1,"applicableCount":3,"totalCount":3,"chainState":"pending","version":"1","isComplete":false,"hasBlockingFailure":true,"blockingCheck":"b"}
PASS  chain · boolean true→done false→current  — ["done","current"]
PASS  chain · 五种 action 全合法
PASS  chain · onPass show 透传  — {"i18nKey":"ok.a","fallback":"ok"}
PASS  chain · onFail show 透传  — {"i18nKey":"fail.a","fallback":"fail"}
PASS  labels · 注册表包桩后两条新操作可调（不抛）  — Proxy 没按 OPERATIONS 补桩
PASS  labels · 做不到的假身：listLabels 诚实说做不到  — {"ok":false,"error":{"kind":"unsupported","message":"backend unsupported-fake does not implement op listLabels"}}
PASS  labels · 做不到的假身：setLabelColors 诚实说做不到  — {"ok":false,"error":{"kind":"unsupported","message":"backend unsupported-fake does not implement op setLabelColors"}}
PASS  labels · ✗ probe: 假装能用的回答被逮（列标签给空表）  — 检查器放过了「假装能」
PASS  labels · ✗ probe: 假装能用的回答被逮（改色报整体成功）  — 检查器放过了「假装能」
PASS  labels · ✗ probe: 说错了错误档也被逮  — 检查器放过了错误的 error.kind
PASS  labels · 真实 gitlab 后端：listLabels 自动落到「做不到」（不碰它一行代码）  — {"ok":false,"error":{"kind":"unsupported","message":"backend gitlab does not implement op listLabels"}}
PASS  labels · 真实 gitlab 后端：setLabelColors 自动落到「做不到」  — {"ok":false,"error":{"kind":"unsupported","message":"backend gitlab does not implement op setLabelColors"}}
PASS  labels · 真实 gitlab 后端：既有的列票操作不受影响（加操作没碰坏旧后端）  — list 调用没拿到结果
PASS  labels · GitHub 假身：列表项字段形状合规（name＋color＋可选 description）
PASS  labels · GitHub 假身：「全部标签」＝仓库全量（含还没被任何票用到的）  — 清单里少了没被用到的那个标签
PASS  labels · GitHub 假身：颜色统一成六位小写（仓库里存的是大写 9D7CD8）  — 大写颜色没有转成小写
PASS  labels · GitHub 假身：描述给不了就省略（没有描述的项不带 description 键）  — 给不了的描述被凭空补上了
PASS  labels · GitHub 假身：名字里有冒号空格的标签照常列出  — 特殊写法的标签名被丢了
PASS  labels · GitHub 假身：改色入参形状合规（name＋color 两个键）
PASS  labels · GitHub 假身：批量改色逐条记账（形状与账目都合规）
PASS  labels · GitHub 假身：部分成功可表达（一条改了、一条颜色填错、一条标签不存在）  — {"ok":true,"data":{"applied":[{"name":"bug","color":"0b7285"}],"failed":[{"name":"新配色写错了","reason":{"kind":"parse","message":"这个颜色填错了：要写成不带井号的六位十六进制，例如 9d7cd8"}},{"name":"不存在的标签","reason":{"kind":"not-found","message":"这个仓库里没有名为「不存在的标签」的标签，先确认名字再试"}}]}}
PASS  labels · GitHub 假身：颜色填错落解析档（不是网络错误）  — 实得 parse
PASS  labels · GitHub 假身：标签不存在落「找不到」档  — 实得 not-found
PASS  labels · GitHub 假身：没有写权限落鉴权档  — 权限失败没落在鉴权档
PASS  labels · GitHub 假身：限速落限速档  — 限速没落在限速档
PASS  labels · GitHub 假身：保存后重拉能读到新颜色（界面按真值刷新）  — 重拉拿到的还是旧颜色
PASS  labels · GitHub 假身：带井号大写的新颜色先归一再改（不把整批判成解析失败）  — {"ok":true,"data":{"applied":[{"name":"bug","color":"0b7285"}],"failed":[]}}
PASS  labels · ✗ probe: 颜色写成大写带井号被逮（穿出契约的颜色只有一种写法）  — 检查器放过了 #FF0000
PASS  labels · ✗ probe: 列表项多带「有多少张票在用」的计数被逮  — 检查器放过了多余字段
PASS  labels · ✗ probe: 列表不是数组被逮  — 检查器放过了非数组
PASS  labels · ✗ probe: 描述给了非字符串被逮  — 检查器放过了非字符串描述
PASS  labels · ✗ probe: 只报整体成败的返回被逮  — 检查器放过了整体成败
PASS  labels · ✗ probe: 漏记账（少一条改动）被逮  — 检查器没发现有一条改动没被记账
PASS  labels · ✗ probe: 失败项缺 reason 被逮  — 检查器放过了缺 reason
PASS  labels · ✗ probe: 自造错误档被逮  — 检查器放过了自造的错误档
PASS  labels · ✗ probe: 同一标签记两次账被逮  — 检查器放过了重复记账
PASS  labels · ✗ probe: 入参多带 description 被逮  — 检查器放过了入参里的多余字段
PASS  labels · ✗ probe: 入参里同一标签出现两次被逮  — 检查器放过了重复的入参
PASS  labels · Markdown 假身：列表项字段形状合规
PASS  labels · Markdown 假身：并集含票面出现过的标签  — 票面上的标签没进清单
PASS  labels · Markdown 假身：并集含只在配色文件里的标签，颜色取文件里的  — 配色文件里的标签没进清单或颜色不对
PASS  labels · Markdown 假身：并集含内置默认那些（带描述）  — 内置默认的标签没进清单
PASS  labels · Markdown 假身：没配颜色的标签用空串表示（界面显示为灰）  — 没配颜色的标签没有用空串表示
PASS  labels · Markdown 假身：改文件里已有的标签成功，逐条记账合规  — {"ok":true,"data":{"applied":[{"name":"bug","color":"0b7285"}],"failed":[]}}
PASS  labels · Markdown 假身：改完颜色落进那份配色文件  — 文件里还是旧颜色 0b7285
PASS  labels · Markdown 假身：重新列一次读到新颜色（保存后按真值刷新）  — 重拉拿到的还是旧颜色
PASS  labels · Markdown 假身：要改的标签不在配色文件里 → 找不到档  — {"ok":true,"data":{"applied":[],"failed":[{"name":"还没进配色文件的标签","reason":{"kind":"not-found","message":"配色文件里没有「还没进配色文件的标签」这一行，插件不会替你新增。想让这个标签能改色，先把 \"名字\": \"颜色\" 这一行加进配色文件再保存"}}]}}
PASS  labels · Markdown 假身：不新增一行（两边一律报不存在）  — 文件被偷偷加了一行
PASS  labels · Markdown 假身：失败提示说清怎么才能成功  — 提示没告诉用户怎么才能成功
PASS  labels · Markdown 假身：文件被别的程序占着 → 环境档，并说清关掉那个程序再试  — {"ok":false,"error":{"kind":"env","message":"配色文件被别的程序占着，关掉那个程序再试一次（你的文件没有被改动）"}}
PASS  labels · ✗ probe: 占用被误判成解析档会被逮（档位要对得上）  — 占用被误判成解析档
PASS  labels · Markdown 假身：沙箱拒绝 → 环境档，且说清是插件自己的限制
PASS  labels · Markdown 假身：沙箱拒绝时文件一个字节都没改  — 沙箱拒绝却动了文件
PASS  labels · ✗ probe: 把沙箱拒绝说成「目录不可写」被逮  — 检查器放过了「目录不可写」
PASS  labels · ✗ probe: 沙箱拒绝没说清「不是你的文件权限问题」被逮  — 检查器放过了没交代清楚权限责任的文案
PASS  labels · ✗ probe: 沙箱拒绝被归到别的档也被逮  — 检查器放过了错误的档位
PASS  labels · Markdown 假身：配色文件读不出来 → 解析档（不装作没有这个文件）  — {"ok":false,"error":{"kind":"parse","message":"工作区里的配色文件读不出来（内容不是合法的 JSON），请先手工修一下再试；插件不会覆盖你自己写的内容"}}
PASS  labels · Markdown 假身：文件读不出来时一律不许写（不推平重写）  — 读不出来还写了文件
PASS  labels · Markdown 假身：写的过程中出意外 → 环境档，且文件没有被改动  — {"ok":false,"error":{"kind":"env","message":"写配色文件的时候出错了，你的文件没有被改动（写坏的临时文件已经清掉）"}}
PASS  labels · 残缺清单单看形状完全合规（40 个标签只回了 30 个，列表形状却挑不出毛病）
PASS  labels · ✗ probe: 返回残缺列表的桩被逮住（40 个只回 30 个不许过关）  — 检查器没发现清单被截断了
PASS  labels · ✗ probe: 拿全了不被冤枉（完整的 40 个不该被判残缺）  — 检查器把完整的清单也判成了残缺
PASS  labels · 取不全 → 整体失败落在环境档，并说清「未能获取全部标签」  — {"ok":false,"error":{"kind":"env","message":"未能获取全部标签：本机的 gh 版本不支持翻页，第 31 个之后的标签取不到。这是插件运行环境的问题，不是你的操作有误。"}}
PASS  labels · ✗ probe: 取不全却退回残缺列表被逮（静默少一截正是这条契约要消灭的）  — 检查器放过了「退回残缺列表」
PASS  labels · ✗ probe: 取不全被归到解析档被逮（档位只能是 env 或 network）  — 检查器放过了错误的档位
PASS  labels · ✗ probe: 取不全却没说清「未能获取全部标签」被逮  — 检查器放过了说不清的文案
PASS  labels · network 档正面样本：连不通导致取不全 → 整体失败归 network，且说清未能获取全部标签  — {"ok":false,"error":{"kind":"network","message":"未能获取全部标签：连 GitHub 的时候超时了，等一会儿或换个网络再试；你的仓库没有被改动"}}
PASS  labels · 真实 github 后端：列出标签「诚实说做不到 或 形状检查器全过」  — {"ok":true,"data":[{"name":"bug","color":"d73a4a","description":"Something isn't working"},{"name":"wayfinder:grilling","color":"9d7cd8","description":"Open decision/discussion ticket"},{"name":"unused-label","color":"0e8a16"}]}
PASS  labels · 真实 github 后端：清单是全量（含没被任何票用到的那个标签，也不许少一条）  — {"ok":true,"data":[{"name":"bug","color":"d73a4a","description":"Something isn't working"},{"name":"wayfinder:grilling","color":"9d7cd8","description":"Open decision/discussion ticket"},{"name":"unused-label","color":"0e8a16"}]}
PASS  labels · 真实 github 后端：批量改色「诚实说做不到 或 记账检查器全过」  — {"ok":true,"data":{"applied":[{"name":"bug","color":"9d7cd8"}],"failed":[]}}
PASS  labels · 真实 markdown 后端：列出标签「诚实说做不到 或 形状检查器全过」  — {"ok":true,"data":[{"name":"bug","color":"d73a4a"},{"name":"needs-triage","color":"fbca04"},{"name":"needs-info","color":"5319e7"},{"name":"ready-for-agent","color":"0e8a16"},{"name":"ready-for-human","color":"b60205"},{"name":"wontfix","color":"ffffff"},{"name":"wayfinder:map","color":"8b5cf6"},{"name":"wayfinder:research","color":"0ea5e9"},{"name":"wayfinder:prototype","color":"f59e0b"},{"name":"wayfinder:grilling","color":"9d7cd8"},{"name":"wayfinder:task","color":"10b981"}]}
PASS  labels · 真实 markdown 后端：批量改色「诚实说做不到 或 记账检查器全过」  — {"ok":true,"data":{"applied":[],"failed":[{"name":"bug","reason":{"kind":"not-found","message":"工作区中还没有标签配色文件（docs/agents/label-colors.json），因此所有标签都没有配置过颜色。请先在面板头部点那颗「标签配色」图标，插件会在打开这个弹窗时生成一份默认的标签配色文件；然后在文件里加入一行 \"标签名\": \"9d7cd8\"，把这两处换成实际的标签名与颜色，再回到这个弹窗点「保存」。"}}]}}
PASS  labels · ✗ probe: 真实后端把颜色回成大写被逮（穿出契约的颜色只有一种写法）  — 探针放过了大写带井号的颜色
PASS  labels · ✗ probe: 真实后端只回整体成败被逮（部分成功必须能表达）  — 探针放过了只报整体成败的返回
PASS  labels · ✗ probe: 真实后端省略 failed 被逮  — 探针放过了省略 failed 的返回
PASS  labels · ✗ probe: 真实后端说做不到却用了别的档被逮  — 探针放过了错误的 error.kind
PASS  labels · 宿主 wf.listLabels：回包只有 ok / backendId / labels 三个键，且清单过形状检查器  — 实得键：backendId,labels,ok；
PASS  labels · 宿主 wf.listLabels：回包里写着它选中的是哪个后端  — backendId="labels-host-fake"
PASS  labels · 宿主 wf.setLabelColors：回包只有 ok / backendId / applied / failed 四个键（后端多给的字段不漏出去）  — 实得键：applied,backendId,failed,ok；{"ok":true,"backendId":"labels-host-fake","applied":[{"name":"bug","color":"0b7285"}],"failed":[]}
PASS  labels · 宿主 wf.setLabelColors：逐条记账过检查器
PASS  labels · 宿主两条电话的日志 kind 与交给后端执行器的 via 是同一个叫法（同一件事只有一个名字）  — 日志 kind=["label-colors","label-colors"]，执行器 via=["label-colors"]
PASS  labels · network 档正面样本：真连不通 → 宿主原样透传 network（连不通才是网络不通）  — {"ok":false,"error":{"kind":"network","message":"连不上 GitHub：检查网络或代理后再试；你的仓库没有被改动"}}
PASS  labels · 后端回的标签清单不是数组 → 环境档，且说清是插件运行环境的问题、不是用户操作有误  — {"ok":false,"error":{"kind":"env","message":"列出标签时插件运行出错：后端返回的标签清单不符合约定格式（应为数组）（object）。这是插件运行环境的问题，不是你的操作有误。"}}
PASS  labels · ✗ probe: 形状不对被报成 network 会被逮（宿主兜底不许一律报网络不通）  — 形状不对被报成了 network
PASS  labels · 后端回的记账缺「没改成功的清单」→ 环境档，且点名缺了 failed  — {"ok":false,"error":{"kind":"env","message":"修改标签颜色时插件运行出错：后端没有说清哪些标签的颜色改成功了、哪些没改成功（内部把这两份清单叫 applied 与 failed）。请重试一次；如果仍然失败，请把这条提示原文报告给插件维护者。这是插件运行环境的问题，不是你的操作有误。"}}
PASS  labels · 后端抛异常 → 环境档（不是网络不通），并说清是插件运行环境的问题、不是用户操作有误  — {"ok":false,"error":{"kind":"env","message":"修改标签颜色时插件运行出错：插件没有拿回结果，因此无法确认这次读取有没有成功（也就不知道仓库里的标签现在是什么样）：请重试一次；如果仍然失败，请把这条提示原文报告给插件维护者（房间内部炸了）。这是插件运行环境的问题，不是你的操作有误。"}}
PASS  labels · 后端既不说成功也不说为什么没成 → 环境档（形状不符合契约）  — {"ok":false,"error":{"kind":"env","message":"列出标签时插件运行出错：后端返回的标签清单不符合约定格式（应为数组）（undefined）。这是插件运行环境的问题，不是你的操作有误。"}}
PASS  labels · conflict 档正面样本：这个工作区没选定后端 → conflict，并说清先选定后端再试  — {"ok":false,"error":{"kind":"conflict","message":"这个工作区使用哪个后端尚未确定：请在面板中选定这个工作区使用的后端，然后重试（这个工作区尚未选定后端，请在面板中选定这个工作区使用的后端，然后重试）"}}
PASS  labels · conflict 档正面样本：两个后端同时命中 → conflict，并说清是哪个没定下来  — {"ok":false,"error":{"kind":"conflict","message":"这个工作区使用哪个后端尚未确定：请在面板中选定这个工作区使用的后端，然后重试（当前有 2 个后端同时对应这个工作区，插件无法自己定下来用哪一个。请在面板中选定这个工作区使用的后端，然后重试）"}}
PASS  labels · #631 声明的后端在候选名单里 → 直接交给它（回包写的就是它，清单也出自它）  — {"ok":true,"backendId":"labels-multi-d","labels":[{"name":"labels-multi-d","color":"","description":""}]}
PASS  labels · #631 改色这条电话同样认这个声明（不是只在列标签那一条上生效）  — {"ok":true,"backendId":"labels-multi-d","applied":[{"name":"bug","color":"0b7285"}],"failed":[]}
PASS  labels · #631 声明另一个也在名单里的后端 → 交给声明的那个（不是交给注册序排前面的那个）  — {"ok":true,"backendId":"labels-multi-c","labels":[{"name":"labels-multi-c","color":"","description":""}]}
PASS  labels · #631 声明的后端这次没说自己认得这个工作区（不在候选名单里）→ 仍然 conflict，不将就  — {"ok":false,"error":{"kind":"conflict","message":"这个工作区使用哪个后端尚未确定：请在面板中选定这个工作区使用的后端，然后重试（当前有 2 个后端同时对应这个工作区，插件无法自己定下来用哪一个。请在面板中选定这个工作区使用的后端，然后重试）"}}
PASS  labels · #631 声明了一个从没听说过的后端 → 仍然 conflict，不将就  — {"ok":false,"error":{"kind":"conflict","message":"这个工作区使用哪个后端尚未确定：请在面板中选定这个工作区使用的后端，然后重试（当前有 2 个后端同时对应这个工作区，插件无法自己定下来用哪一个。请在面板中选定这个工作区使用的后端，然后重试）"}}
PASS  labels · #631 什么都没声明 → 仍然 conflict（老行为一个字没松）  — {"ok":false,"error":{"kind":"conflict","message":"这个工作区使用哪个后端尚未确定：请在面板中选定这个工作区使用的后端，然后重试（当前有 2 个后端同时对应这个工作区，插件无法自己定下来用哪一个。请在面板中选定这个工作区使用的后端，然后重试）"}}
PASS  labels · #631 用户显式选了「无后端」时，客户端声明一个后端也不认（不许绕开他自己选的那一档）  — {"ok":false,"error":{"kind":"conflict","message":"这个工作区使用哪个后端尚未确定：请在面板中选定这个工作区使用的后端，然后重试（这个工作区尚未选定后端，请在面板中选定这个工作区使用的后端，然后重试）"}}
PASS  labels · conflict 档正面样本：身份识别尚未完成（待定）→ conflict，不许静默挑一个后端  — {"ok":false,"error":{"kind":"conflict","message":"这个工作区使用哪个后端尚未确定：请在面板中选定这个工作区使用的后端，然后重试（后端尚未识别完成，请等识别完成后再重试）"}}
PASS  labels · #631 身份识别尚未完成时，客户端声明了也不许开工（先等它定下来）  — {"ok":false,"error":{"kind":"conflict","message":"这个工作区使用哪个后端尚未确定：请在面板中选定这个工作区使用的后端，然后重试（后端尚未识别完成，请等识别完成后再重试）"}}
PASS  counts · 注册表包桩后 counts 可调（不抛）  — Proxy 没按 OPERATIONS 补桩
PASS  counts · 做不到的假身：counts 诚实说做不到  — {"ok":false,"error":{"kind":"unsupported","message":"backend counts-unsupported-fake does not implement op counts"}}
PASS  counts · ✗ probe: 假装能用的回答被逮（回一个漂亮的 0）  — 检查器放过了「假装能」
PASS  counts · ✗ probe: 说错了错误档也被逮  — 检查器放过了错误的 error.kind
PASS  counts · 能计数的假身：三个数是整数、open + closed = total  — {"ok":true,"data":{"open":12,"closed":643,"total":655}}
PASS  counts · 能计数的假身：数字原样交出（不当成 0、不自己再数一遍）  — {"ok":true,"data":{"open":12,"closed":643,"total":655}}
PASS  counts · filter.state=open 收窄口径（另一种状态计 0）  — {"ok":true,"data":{"open":12,"closed":0,"total":12}}
PASS  counts · filter.state=closed 收窄口径（另一种状态计 0）  — {"ok":true,"data":{"open":0,"closed":643,"total":643}}
PASS  counts · ✗ probe: 漏了 total 被逮  — 检查器放过了缺键
PASS  counts · ✗ probe: 三个数不自洽被逮  — 检查器放过了 open + closed ≠ total
PASS  counts · ✗ probe: 负数被逮  — 检查器放过了负数
PASS  counts · ✗ probe: 小数被逮  — 检查器放过了小数
PASS  counts · ✗ probe: 数字写成字符串被逮  — 检查器放过了字符串
PASS  counts · ✗ probe: 多带了一个键被逮  — 检查器放过了多余字段
PASS  counts · ✗ probe: 只回一个数被逮（不是三个数的形状）  — 检查器放过了非对象
PASS  counts · 数不出来 → 整体失败，档位与消息都合规（界面据此退回按池子派生）  — {"ok":false,"error":{"kind":"rate-limit","message":"配额用完了，等一会儿再试"}}
PASS  counts · ✗ probe: 数不出来却退回一个数被逮  — 检查器放过了「失败时给 0」
PASS  counts · ✗ probe: 失败却不说是哪一档被逮  — 检查器放过了自造的错误档
PASS  counts · ✗ probe: 失败却没有一句能看懂的话被逮  — 检查器放过了空消息
PASS  counts · 真实 gitlab 后端：counts 自动落到「做不到」（不碰它一行代码）  — {"ok":false,"error":{"kind":"unsupported","message":"backend gitlab does not implement op counts"}}
PASS  counts · 真实 markdown 后端：counts 自动落到「做不到」（不碰它一行代码）  — {"ok":false,"error":{"kind":"unsupported","message":"backend markdown does not implement op counts"}}
PASS  counts · 真实 github 后端：数字给对（三个数形状与自洽都对，值来自脚本化的 gh）  — {"ok":true,"data":{"open":31,"closed":649,"total":680}}
PASS  counts · 真实 github 后端：filter.state 收窄（另一个状态计 0）  — {"ok":true,"data":{"open":31,"closed":0,"total":31}}
PASS  counts · 真实 github 后端：响应里带 errors → 整体失败（不许猜一个数出来）  — {"ok":false,"error":{"kind":"network","message":"counts: [{\"message\":\"Something went wrong while executing your query\"}]"}}
PASS  counts · 真实 github 后端：缺 totalCount → 整体失败（不许把缺的那个当 0）  — {"ok":false,"error":{"kind":"parse","message":"counts: totalCount missing or not a non-negative integer (refusing to guess a number)"}}
PASS  counts · 真实 github 后端：坏 JSON → 解析档  — {"ok":false,"error":{"kind":"parse","message":"counts: invalid json Expected property name or '}' in JSON at position 1 (line 1 column 2)"}}
PASS  counts · 真实 github 后端：gh 报错 → 如实失败（档位来自既有分类，不退化成 0）  — {"ok":false,"error":{"kind":"auth","message":"gh: Not logged in","code":1}}
PASS  counts · 真实 github 后端：仓库地址不合法 → 找不到档  — {"ok":false,"error":{"kind":"not-found","message":"counts: repo.refId missing or malformed: no-slash"}}
PASS  counts · ✗ probe: 真实后端把数字写成字符串被逮  — 探针放过了字符串数字
PASS  counts · ✗ probe: 真实后端失败却用了自造的档被逮  — 探针放过了自造错误档
PASS  counts · 已知边界：形状合规的「猜出来的数」靠形状检查器逮不住（所以责任在后端自报失败 + 编排层核对）  — {"ok":true,"data":{"open":100,"closed":100,"total":200}}

contract-test: 673 passed, 4 failed
CONTRACT SKELETON OK
  PASS src/shared/labels.js 存在
  PASS src/shared/labels.js 含 CANONICAL_LABELS
  PASS src/shared/labels.js 含 CANONICAL_LABEL_NAMES
  PASS CANONICAL_LABELS 数量 10（实 10）
  PASS CANONICAL 含 bug
  PASS CANONICAL 含 needs-triage
  PASS CANONICAL 含 needs-info
  PASS CANONICAL 含 ready-for-agent
  PASS CANONICAL 含 ready-for-human
  PASS CANONICAL 含 wayfinder:grilling
  PASS CANONICAL 含 wayfinder:map
  PASS CANONICAL 含 wayfinder:prototype
  PASS CANONICAL 含 wayfinder:research
  PASS CANONICAL 含 wayfinder:task
  PASS CANONICAL 名称唯一
  PASS CANONICAL 名称大小写不敏感唯一
  PASS CANONICAL 10 为上游 19 的子集（名子集，不卡色）
  PASS client.js 含 ensureLabels（#231 起真源为 github 后端模块 prompts 声明）
  PASS package/lib/client.js 含 ensureLabels（同上）
  PASS github 后端模块从 shared 单源动态拼装名单
  PASS github 后端模块声明 ensureLabels 双语数据
  PASS client ensureLabels 含 bug
  PASS package ensureLabels 含 bug
  PASS client ensureLabels 含 needs-triage
  PASS package ensureLabels 含 needs-triage
  PASS client ensureLabels 含 needs-info
  PASS package ensureLabels 含 needs-info
  PASS client ensureLabels 含 ready-for-agent
  PASS package ensureLabels 含 ready-for-agent
  PASS client ensureLabels 含 ready-for-human
  PASS package ensureLabels 含 ready-for-human
  PASS client ensureLabels 含 wayfinder:grilling
  PASS package ensureLabels 含 wayfinder:grilling
  PASS client ensureLabels 含 wayfinder:map
  PASS package ensureLabels 含 wayfinder:map
  PASS client ensureLabels 含 wayfinder:prototype
  PASS package ensureLabels 含 wayfinder:prototype
  PASS client ensureLabels 含 wayfinder:research
  PASS package ensureLabels 含 wayfinder:research
  PASS client ensureLabels 含 wayfinder:task
  PASS package ensureLabels 含 wayfinder:task
  PASS client 含标签步骤 helper（名子集计算）
  PASS client 含 labelsStepTitle i18n
  PASS client 含 labelsStepAction i18n
  PASS NoRepoCard 注入优先后端 ensureLabels 数据（#231 元数据直取）
  PASS NoRepoCard 含 Markdown 跳过（GitHub 专属）
  PASS client 标签步骤为 Modal（非 wf.status 常驻 warn 黄条）
  PASS client 含 labels Modal 样式（dsws-labels-modal/overlay）
  PASS package 含 labels Modal 镜像
  PASS package/shared/labels.js 存在（build 原样复制）
  PASS package/shared 含 CANONICAL_LABELS

全部通过 · #188 单源名子集
== #190 → #231 契约动作形态 ==

-- Dock.js --
  PASS Dock markdown→openRepository 动作
  PASS Dock host.call
  PASS Dock url 型原生新窗
  PASS Dock order（动作判定先于无链接回退）
  PASS Dock folder 型可点芯片
  PASS Dock href

-- Host --
  PASS host handle
  PASS picker 意图（开目录/开文件，零系统分支）
  PASS platform 通用层调起
  PASS win32 可见配方
  PASS xdg-open
  PASS platform 配方与解析

-- 版本号→仓库主页链接（#repo-link）--
  PASS Tabs 版本号为 a 链接
  PASS Tabs href=DSW_REPO_URL
  PASS Tabs 原生新窗
  PASS Tabs rel=noreferrer
  PASS index 注入占位声明
  PASS styles 折叠过渡覆盖 a:last-child
  PASS styles hover 提亮下划线
  PASS repository 字段为合法仓库主页 URL
  PASS pkg 产物注入仓库 URL
  PASS dev 产物注入仓库 URL

PASS 22/22
== #191 (final v3) ==

-- icons.js --
  PASS swap icon registered
  PASS swap svg path present

-- store-switch.js (#455 K2 由 store.js 拆出，切换确认全家在此文件) --
  PASS openSwitchConfirm handles null target
  PASS confirmSwitchConfirm target null guard
  PASS openSwitchConfirm option default null
  PASS switch 不自己拼初始化全文（#664 的本意）
  PASS 未初始化那一支走决策器 + 允许开布局小卡（#669 第 6 件）
  PASS 已初始化那一支注入 switchAlign（对齐仓库里的后端记录）
  PASS 「清除后端选择」那条路已退役（2026-09-21 拍板）
  PASS store has no legacy trio assembly
  PASS confirmSwitchConfirm removed sc.prompt reference
  PASS store no brand-color hardcode

-- Backend palette (B scheme #177) --
  PASS backends provide darkColor (B scheme)
  PASS github bg/border B scheme

-- SwitchConfirmModal.js --
  PASS isTargetPending declared
  PASS confirmDisabled includes isTargetPending
  PASS modal in-panel overlay (absolute, not fullscreen)
  PASS modal top-anchored (no vertical center)
  PASS action buttons inline in title row
  PASS modal no portal to body
  PASS strategy hint removed
  PASS picker data-target-id hook
  PASS picker selected 2px border
  PASS modal content area independent scroll
  PASS modal no fixed height
  PASS radioRow disabled flag
  PASS radio dot removed (row click)
  PASS onOption guard no-target
  PASS onPick auto-select keep
  PASS keep badge says 推荐
  PASS hint box removed
  PASS promptLabel removed
  PASS promptHint removed
  PASS textarea removed
  PASS onPromptChange removed
  PASS wf.bind text removed
  PASS DEFAULT_SWITCH_PROMPT export removed

-- Dock.js --
  PASS Dock data-repo-switch hook
  PASS Dock click->openSwitchConfirm(null)
  PASS Dock swap button 16x16
  PASS Dock swap icon size 10
  PASS Dock github target='_blank' no openUrl
  PASS Dock markdown wf.openFolder
  PASS Dock chip before switch
PASS 44/44
== #230 · setup 提示词后端描述数据化（键入 locale）==
(node:47788) [MODULE_TYPELESS_PACKAGE_JSON] Warning: Module type of file:///D:/dsh-plugin/dsh-mattpocock-skills-deck/sr
c/client/kernel/prompts.js is not specified and it doesn't parse as CommonJS.
Reparsing as ES module because module syntax was detected. This incurs a performance overhead.
To eliminate this warning, add "type": "module" to \\?\D:\dsh-plugin\dsh-mattpocock-skills-deck\package.json.
(Use `node --trace-warnings ...` to show where the warning was created)
PASS 171/171
-- src/client/**/*.js --
  PASS src\client\floating\Pop.js 无品牌分支
  PASS src\client\floating\Pop.js 平台 URL 仅限许可行
  PASS src\client\floating\Pop.js 名单字面量合规
  PASS src\client\floating\SkillFloatList.js 无品牌分支
  PASS src\client\floating\SkillFloatList.js 平台 URL 仅限许可行
  PASS src\client\floating\SkillFloatList.js 名单字面量合规
  PASS src\client\hostShim.js 无品牌分支
  PASS src\client\hostShim.js 平台 URL 仅限许可行
  PASS src\client\hostShim.js 名单字面量合规
  PASS src\client\index.js 无品牌分支
  PASS src\client\index.js 平台 URL 仅限许可行
  PASS src\client\index.js 名单字面量合规
  PASS src\client\kernel\actions.js 无品牌分支
  PASS src\client\kernel\actions.js 平台 URL 仅限许可行
  PASS src\client\kernel\actions.js 名单字面量合规
  PASS src\client\kernel\api-io.js 无品牌分支
  PASS src\client\kernel\api-io.js 平台 URL 仅限许可行
  PASS src\client\kernel\api-io.js 名单字面量合规
  PASS src\client\kernel\api-naming.js 无品牌分支
  PASS src\client\kernel\api-naming.js 平台 URL 仅限许可行
  PASS src\client\kernel\api-naming.js 名单字面量合规
  PASS src\client\kernel\api-new-session.js 无品牌分支
  PASS src\client\kernel\api-new-session.js 平台 URL 仅限许可行
  PASS src\client\kernel\api-new-session.js 名单字面量合规
  PASS src\client\kernel\api-preset-guard.js 无品牌分支
  PASS src\client\kernel\api-preset-guard.js 平台 URL 仅限许可行
  PASS src\client\kernel\api-preset-guard.js 名单字面量合规
  PASS src\client\kernel\api-workspace.js 无品牌分支
  PASS src\client\kernel\api-workspace.js 平台 URL 仅限许可行
  PASS src\client\kernel\api-workspace.js 名单字面量合规
  PASS src\client\kernel\builtin-backends.js 无品牌分支
  PASS src\client\kernel\builtin-backends.js 平台 URL 仅限许可行
  PASS src\client\kernel\builtin-backends.js 名单字面量合规
  PASS src\client\kernel\config.js 无品牌分支
  PASS src\client\kernel\config.js 平台 URL 仅限许可行
  PASS src\client\kernel\config.js 名单字面量合规
  PASS src\client\kernel\ctx.js 无品牌分支
  PASS src\client\kernel\ctx.js 平台 URL 仅限许可行
  PASS src\client\kernel\ctx.js 名单字面量合规
  PASS src\client\kernel\health-check.js 无品牌分支
  PASS src\client\kernel\health-check.js 平台 URL 仅限许可行
  PASS src\client\kernel\health-check.js 名单字面量合规
  PASS src\client\kernel\icons.js 无品牌分支
  PASS src\client\kernel\icons.js 平台 URL 仅限许可行
  PASS src\client\kernel\icons.js 名单字面量合规
  PASS src\client\kernel\link.js 无品牌分支
  PASS src\client\kernel\link.js 平台 URL 仅限许可行
  PASS src\client\kernel\link.js 名单字面量合规
  PASS src\client\kernel\locale-flow.js 无品牌分支
  PASS src\client\kernel\locale-flow.js 平台 URL 仅限许可行
  PASS src\client\kernel\locale-flow.js 名单字面量合规
  PASS src\client\kernel\locale-labels.js 无品牌分支
  PASS src\client\kernel\locale-labels.js 平台 URL 仅限许可行
  PASS src\client\kernel\locale-labels.js 名单字面量合规
  PASS src\client\kernel\locale-panel.js 无品牌分支
  PASS src\client\kernel\locale-panel.js 平台 URL 仅限许可行
  PASS src\client\kernel\locale-panel.js 名单字面量合规
  PASS src\client\kernel\locale-word.js 无品牌分支
  PASS src\client\kernel\locale-word.js 平台 URL 仅限许可行
  PASS src\client\kernel\locale-word.js 名单字面量合规
  PASS src\client\kernel\locale.js 无品牌分支
  PASS src\client\kernel\locale.js 平台 URL 仅限许可行
  PASS src\client\kernel\locale.js 名单字面量合规
  PASS src\client\kernel\log.js 无品牌分支
  PASS src\client\kernel\log.js 平台 URL 仅限许可行
  PASS src\client\kernel\log.js 名单字面量合规
  PASS src\client\kernel\portal.js 无品牌分支
  PASS src\client\kernel\portal.js 平台 URL 仅限许可行
  PASS src\client\kernel\portal.js 名单字面量合规
  PASS src\client\kernel\probe-auto.js 无品牌分支
  PASS src\client\kernel\probe-auto.js 平台 URL 仅限许可行
  PASS src\client\kernel\probe-auto.js 名单字面量合规
  PASS src\client\kernel\probe-chain.js 无品牌分支
  PASS src\client\kernel\probe-chain.js 平台 URL 仅限许可行
  PASS src\client\kernel\probe-chain.js 名单字面量合规
  PASS src\client\kernel\probe-snapshot.js 无品牌分支
  PASS src\client\kernel\probe-snapshot.js 平台 URL 仅限许可行
  PASS src\client\kernel\probe-snapshot.js 名单字面量合规
  PASS src\client\kernel\probe-stale.js 无品牌分支
  PASS src\client\kernel\probe-stale.js 平台 URL 仅限许可行
  PASS src\client\kernel\probe-stale.js 名单字面量合规
  PASS src\client\kernel\prompts.js 无品牌分支
  PASS src\client\kernel\prompts.js 平台 URL 仅限许可行
  PASS src\client\kernel\prompts.js 名单字面量合规
  PASS src\client\kernel\router.js 无品牌分支
  PASS src\client\kernel\router.js 平台 URL 仅限许可行
  PASS src\client\kernel\router.js 名单字面量合规
  PASS src\client\kernel\slotRenderer-modal-view.js 无品牌分支
  PASS src\client\kernel\slotRenderer-modal-view.js 平台 URL 仅限许可行
  PASS src\client\kernel\slotRenderer-modal-view.js 名单字面量合规
  PASS src\client\kernel\slotRenderer-queue.js 无品牌分支
  PASS src\client\kernel\slotRenderer-queue.js 平台 URL 仅限许可行
  PASS src\client\kernel\slotRenderer-queue.js 名单字面量合规
  PASS src\client\kernel\slotRenderer-repo-sync.js 无品牌分支
  PASS src\client\kernel\slotRenderer-repo-sync.js 平台 URL 仅限许可行
  PASS src\client\kernel\slotRenderer-repo-sync.js 名单字面量合规
  PASS src\client\kernel\slots.js 无品牌分支
  PASS src\client\kernel\slots.js 平台 URL 仅限许可行
  PASS src\client\kernel\slots.js 名单字面量合规
  PASS src\client\kernel\store-derived.js 无品牌分支
  PASS src\client\kernel\store-derived.js 平台 URL 仅限许可行
  PASS src\client\kernel\store-derived.js 名单字面量合规
  PASS src\client\kernel\store-prefs.js 无品牌分支
  PASS src\client\kernel\store-prefs.js 平台 URL 仅限许可行
  PASS src\client\kernel\store-prefs.js 名单字面量合规
  PASS src\client\kernel\store-snapshot.js 无品牌分支
  PASS src\client\kernel\store-snapshot.js 平台 URL 仅限许可行
  PASS src\client\kernel\store-snapshot.js 名单字面量合规
  PASS src\client\kernel\store-switch.js 无品牌分支
  PASS src\client\kernel\store-switch.js 平台 URL 仅限许可行
  PASS src\client\kernel\store-switch.js 名单字面量合规
  PASS src\client\kernel\styles.js 无品牌分支
  PASS src\client\kernel\styles.js 平台 URL 仅限许可行
  PASS src\client\kernel\styles.js 名单字面量合规
  PASS src\client\kernel\tabsfold.js 无品牌分支
  PASS src\client\kernel\tabsfold.js 平台 URL 仅限许可行
  PASS src\client\kernel\tabsfold.js 名单字面量合规
  PASS src\client\panel\Dock.js 无品牌分支
  PASS src\client\panel\Dock.js 平台 URL 仅限许可行
  PASS src\client\panel\Dock.js 名单字面量合规
  PASS src\client\panel\DockSync.js 无品牌分支
  PASS src\client\panel\DockSync.js 平台 URL 仅限许可行
  PASS src\client\panel\DockSync.js 名单字面量合规
  PASS src\client\panel\NamingFailBanner.js 无品牌分支
  PASS src\client\panel\NamingFailBanner.js 平台 URL 仅限许可行
  PASS src\client\panel\NamingFailBanner.js 名单字面量合规
  PASS src\client\panel\OverlayGate.js 无品牌分支
  PASS src\client\panel\OverlayGate.js 平台 URL 仅限许可行
  PASS src\client\panel\OverlayGate.js 名单字面量合规
  PASS src\client\panelAssembly.js 无品牌分支
  PASS src\client\panelAssembly.js 平台 URL 仅限许可行
  PASS src\client\panelAssembly.js 名单字面量合规
  PASS src\client\statusbar\bannerChain.js 无品牌分支
  PASS src\client\statusbar\bannerChain.js 平台 URL 仅限许可行
  PASS src\client\statusbar\bannerChain.js 名单字面量合规
  PASS src\client\statusbar\checksums.js 无品牌分支
  PASS src\client\statusbar\checksums.js 平台 URL 仅限许可行
  PASS src\client\statusbar\checksums.js 名单字面量合规
  PASS src\client\statusbar\Seg.js 无品牌分支
  PASS src\client\statusbar\Seg.js 平台 URL 仅限许可行
  PASS src\client\statusbar\Seg.js 名单字面量合规
  PASS src\client\statusbar\StatusBackend.js 无品牌分支
  PASS src\client\statusbar\StatusBackend.js 平台 URL 仅限许可行
  PASS src\client\statusbar\StatusBackend.js 名单字面量合规
  PASS src\client\statusbar\StatusBar.js 无品牌分支
  PASS src\client\statusbar\StatusBar.js 平台 URL 仅限许可行
  PASS src\client\statusbar\StatusBar.js 名单字面量合规
  PASS src\client\statusbar\StatusLogMenu.js 无品牌分支
  PASS src\client\statusbar\StatusLogMenu.js 平台 URL 仅限许可行
  PASS src\client\statusbar\StatusLogMenu.js 名单字面量合规
  PASS src\client\statusbar\StatusMenus.js 无品牌分支
  PASS src\client\statusbar\StatusMenus.js 平台 URL 仅限许可行
  PASS src\client\statusbar\StatusMenus.js 名单字面量合规
  PASS src\client\views\ChecksTab.js 无品牌分支
  PASS src\client\views\ChecksTab.js 平台 URL 仅限许可行
  PASS src\client\views\ChecksTab.js 名单字面量合规
  PASS src\client\views\IssueDetail.js 无品牌分支
  PASS src\client\views\IssueDetail.js 平台 URL 仅限许可行
  PASS src\client\views\IssueDetail.js 名单字面量合规
  PASS src\client\views\IssueDetailComments.js 无品牌分支
  PASS src\client\views\IssueDetailComments.js 平台 URL 仅限许可行
  PASS src\client\views\IssueDetailComments.js 名单字面量合规
  PASS src\client\views\labels\LabelColorDialog.js 无品牌分支
  PASS src\client\views\labels\LabelColorDialog.js 平台 URL 仅限许可行
  PASS src\client\views\labels\LabelColorDialog.js 名单字面量合规
  PASS src\client\views\labels\LabelColorEntry.js 无品牌分支
  PASS src\client\views\labels\LabelColorEntry.js 平台 URL 仅限许可行
  PASS src\client\views\labels\LabelColorEntry.js 名单字面量合规
  PASS src\client\views\labels\labelColorErrors.js 无品牌分支
  PASS src\client\views\labels\labelColorErrors.js 平台 URL 仅限许可行
  PASS src\client\views\labels\labelColorErrors.js 名单字面量合规
  PASS src\client\views\labels\labelColorPalette.js 无品牌分支
  PASS src\client\views\labels\labelColorPalette.js 平台 URL 仅限许可行
  PASS src\client\views\labels\labelColorPalette.js 名单字面量合规
  PASS src\client\views\labels\labelColorPatch.js 无品牌分支
  PASS src\client\views\labels\labelColorPatch.js 平台 URL 仅限许可行
  PASS src\client\views\labels\labelColorPatch.js 名单字面量合规
  PASS src\client\views\labels\LabelColorRow.js 无品牌分支
  PASS src\client\views\labels\LabelColorRow.js 平台 URL 仅限许可行
  PASS src\client\views\labels\LabelColorRow.js 名单字面量合规
  PASS src\client\views\labels\useLabelColors.js 无品牌分支
  PASS src\client\views\labels\useLabelColors.js 平台 URL 仅限许可行
  PASS src\client\views\labels\useLabelColors.js 名单字面量合规
  PASS src\client\views\ListTab.js 无品牌分支
  PASS src\client\views\ListTab.js 平台 URL 仅限许可行
  PASS src\client\views\ListTab.js 名单字面量合规
  PASS src\client\views\ListTabRow.js 无品牌分支
  PASS src\client\views\ListTabRow.js 平台 URL 仅限许可行
  PASS src\client\views\ListTabRow.js 名单字面量合规
  PASS src\client\views\MapDetail.js 无品牌分支
  PASS src\client\views\MapDetail.js 平台 URL 仅限许可行
  PASS src\client\views\MapDetail.js 名单字面量合规
  PASS src\client\views\NoRepoCard.js 无品牌分支
  PASS src\client\views\NoRepoCard.js 平台 URL 仅限许可行
  PASS src\client\views\NoRepoCard.js 名单字面量合规
  PASS src\client\views\primitives\HoverTip.js 无品牌分支
  PASS src\client\views\primitives\HoverTip.js 平台 URL 仅限许可行
  PASS src\client\views\primitives\HoverTip.js 名单字面量合规
  PASS src\client\views\primitives\Tip.js 无品牌分支
  PASS src\client\views\primitives\Tip.js 平台 URL 仅限许可行
  PASS src\client\views\primitives\Tip.js 名单字面量合规
  PASS src\client\views\PrTab.js 无品牌分支
  PASS src\client\views\PrTab.js 平台 URL 仅限许可行
  PASS src\client\views\PrTab.js 名单字面量合规
  PASS src\client\views\RingSkills.js 无品牌分支
  PASS src\client\views\RingSkills.js 平台 URL 仅限许可行
  PASS src\client\views\RingSkills.js 名单字面量合规
  PASS src\client\views\RunPanel.js 无品牌分支
  PASS src\client\views\RunPanel.js 平台 URL 仅限许可行
  PASS src\client\views\RunPanel.js 名单字面量合规
  PASS src\client\views\SettingsPage.js 无品牌分支
  PASS src\client\views\SettingsPage.js 平台 URL 仅限许可行
  PASS src\client\views\SettingsPage.js 名单字面量合规
  PASS src\client\views\SettingsWorkspaces.js 无品牌分支
  PASS src\client\views\SettingsWorkspaces.js 平台 URL 仅限许可行
  PASS src\client\views\SettingsWorkspaces.js 名单字面量合规
  PASS src\client\views\shared\BackendSelector.js 无品牌分支
  PASS src\client\views\shared\BackendSelector.js 平台 URL 仅限许可行
  PASS src\client\views\shared\BackendSelector.js 名单字面量合规
  PASS src\client\views\shared\ChainRenderer.js 无品牌分支
  PASS src\client\views\shared\ChainRenderer.js 平台 URL 仅限许可行
  PASS src\client\views\shared\ChainRenderer.js 名单字面量合规
  PASS src\client\views\shared\chips.js 无品牌分支
  PASS src\client\views\shared\chips.js 平台 URL 仅限许可行
  PASS src\client\views\shared\chips.js 名单字面量合规
  PASS src\client\views\shared\DebugSwitchFailHint.js 无品牌分支
  PASS src\client\views\shared\DebugSwitchFailHint.js 平台 URL 仅限许可行
  PASS src\client\views\shared\DebugSwitchFailHint.js 名单字面量合规
  PASS src\client\views\shared\md.js 无品牌分支
  PASS src\client\views\shared\md.js 平台 URL 仅限许可行
  PASS src\client\views\shared\md.js 名单字面量合规
  PASS src\client\views\shared\stateKind.js 无品牌分支
  PASS src\client\views\shared\stateKind.js 平台 URL 仅限许可行
  PASS src\client\views\shared\stateKind.js 名单字面量合规
  PASS src\client\views\shared\SwitchConfirmModal.js 无品牌分支
  PASS src\client\views\shared\SwitchConfirmModal.js 平台 URL 仅限许可行
  PASS src\client\views\shared\SwitchConfirmModal.js 名单字面量合规
  PASS src\client\views\shared\Tabs.js 无品牌分支
  PASS src\client\views\shared\Tabs.js 平台 URL 仅限许可行
  PASS src\client\views\shared\Tabs.js 名单字面量合规
  PASS src\client\views\shared\tagsFit.js 无品牌分支
  PASS src\client\views\shared\tagsFit.js 平台 URL 仅限许可行
  PASS src\client\views\shared\tagsFit.js 名单字面量合规
  PASS src\client\views\shared\ticket.js 无品牌分支
  PASS src\client\views\shared\ticket.js 平台 URL 仅限许可行
  PASS src\client\views\shared\ticket.js 名单字面量合规
  PASS src\client\views\SkillsTab.js 无品牌分支
  PASS src\client\views\SkillsTab.js 平台 URL 仅限许可行
  PASS src\client\views\SkillsTab.js 名单字面量合规
  PASS src\client\views\SubworkspaceMark.js 无品牌分支
  PASS src\client\views\SubworkspaceMark.js 平台 URL 仅限许可行
  PASS src\client\views\SubworkspaceMark.js 名单字面量合规
  PASS src\client\views\TicketRow.js 无品牌分支
  PASS src\client\views\TicketRow.js 平台 URL 仅限许可行
  PASS src\client\views\TicketRow.js 名单字面量合规
  PASS src\client\views\UpdateDialog.js 无品牌分支
  PASS src\client\views\UpdateDialog.js 平台 URL 仅限许可行
  PASS src\client\views\UpdateDialog.js 名单字面量合规
  PASS src\client\views\UpdateRestartBanner.js 无品牌分支
  PASS src\client\views\UpdateRestartBanner.js 平台 URL 仅限许可行
  PASS src\client\views\UpdateRestartBanner.js 名单字面量合规
  PASS src\client\views\useUpdatePanel.js 无品牌分支
  PASS src\client\views\useUpdatePanel.js 平台 URL 仅限许可行
  PASS src\client\views\useUpdatePanel.js 名单字面量合规
-- artifacts --
  PASS client.js 无品牌分支
  PASS client.js 平台 URL 仅限许可行
  PASS client.js 名单字面量合规
  PASS package\lib\client.js 无品牌分支
  PASS package\lib\client.js 平台 URL 仅限许可行
  PASS package\lib\client.js 名单字面量合规
  PASS 先验：插入品牌分支可被识别（变红能力成立）

全部通过 · client 硬编码门禁生效 (271)
(node:29864) [MODULE_TYPELESS_PACKAGE_JSON] Warning: Module type of file:///D:/dsh-plugin/dsh-mattpocock-skills-deck/sr
c/shared/tracker/sync.js is not specified and it doesn't parse as CommonJS.
Reparsing as ES module because module syntax was detected. This incurs a performance overhead.
To eliminate this warning, add "type": "module" to \\?\D:\dsh-plugin\dsh-mattpocock-skills-deck\package.json.
(Use `node --trace-warnings ...` to show where the warning was created)
  PASS parseIndexEntries 归一 state 大写与比较串形状
  PASS parseIndexEntries 跳过空行/坏行（宁可漏报不误报）
  PASS parseIndexEntries 空输入 → 空索引
  PASS deriveDirty 首看建档不判脏（#266 同原则）
  PASS deriveDirty 增量集为基线子集且值一致 → 不脏
  PASS deriveDirty state 变化判脏
  PASS deriveDirty updatedAt 变化判脏（评论数变化可见）
  PASS deriveDirty 新增票判脏（since 增量集语义）
  PASS deriveDirty 空增量集 → 静默
  PASS SYNC.EVAL_GAP_MS 配额闸 ≥4s
  PASS SYNC.POLL_GRID_MS 契约层在场且冻结
  PASS SYNC.ACTION_PROBE_WINDOW_MS 契约层在场且冻结
  PASS SYNC.FALLBACK_PROBE_MS 契约层在场且冻结
  PASS SYNC.FOCUS_PROBE_MIN_MS 契约层在场且冻结
  PASS SYNC.SNAP_FRESH_MS 契约层在场且冻结
  PASS SYNC.ISSUE_CACHE_TTL 契约层在场且冻结
  PASS advanceBaseline 合并新增与覆盖
  PASS advanceBaseline 不改入参（纯）
  PASS sinceFloor 回看重叠窗口（边界漏检消除）
  PASS sinceFloor 默认偏移 = OVERLAP_SKEW_MS
  PASS sinceFloor 空/坏水位 → 全量建档路径
  PASS bumpMaxUpdated 取最大 updatedAt 并容忍坏值
  PASS bumpMaxUpdated 空集保持水位
  PASS needProbeSource 四源触发
  PASS needProbeSource 其他源不触发探针
  PASS pickSyncCandidates 首看候选优先 + cap=EVALS_PER_TICK + 去重保序
  PASS pickSyncCandidates gap 闸内静默（配额保护）
  PASS pickSyncCandidates gap 过后放行
  PASS pickSyncCandidates 建档在途跳过（无重复全量）
  PASS pickSyncCandidates 失败熔断期跳过
  PASS noteEvalFailure 连败达阈进熔断窗（阈值前不熔断）
  PASS noteEvalSuccess 清零计数并解除熔断
  PASS #232 面包屑通道与面板同步搭车位已随 #345 整块移除（hostStart/pollAt 均 -1）；变更检测由 wf.probe 的 since 语义原生承担
  PASS client poll 通道已随 #345 彻底移除（不再上报可见 cwd 列表）
  PASS client 轮询函数 pollIssuePathHost 已随 #345 移除（视线门控随通道一并退役）
  PASS 探针触发源判定已随面包屑通道移除（#345）；needProbeSource 纯函数保留于契约层供单测
  PASS 旧三源字面量判定已移除（第二真源清零）
  PASS dirtyCwds 回执消费已随 #345 移除（宿主侧缓存失效由 runGh 白名单与 wf.probe 承担）
  PASS 内核短窗探针 scheduleDirtyProbe 已随 #345 移除（唯一触发源 dirtyCwds 回执不复存在）
  PASS #213 动作长窗原样保留（零回归）
  PASS 面包屑轮询栅格已随 #345 移除（POLL_GRID_MS 契约常量保留于契约层）
  PASS store 无轮询 tick 残留（栅格表达式随通道一并清除）
  PASS probe 节拍单源：SYNC.FALLBACK_PROBE_MS 派生在场
  PASS probe 节拍单源：SYNC.FOCUS_PROBE_MIN_MS 派生在场
  PASS probe 节拍单源：SYNC.ACTION_PROBE_WINDOW_MS 派生在场
  PASS R3 · 兜底探针 interval 内含视线门控（页签隐藏不发起新扫描）
  PASS R3 · 空组 wf.refresh 大查询兜底已移除（无人观看 cwd 零重建请求）
  PASS R4 · H2 stale-discard 分支将结果落 per-cwd LRU（在途响应到达即落地）
  PASS 详情 TTL 与面板新鲜阈值升格契约层（同值双源清零）
  PASS R3 闸覆盖两处发起入口：兜底 interval + 动作长窗回调（短窗回调已随 #345 移除；发起时刻资格复检保留）
  PASS 切页签恢复通道二在场（visibilitychange，与 focus 共用限流）
  PASS 落缓存前剥除 notModified/status/cached 传输态标记
  PASS build SHARED_SPLICE 已登记 trackerSync（一源两物）
  PASS client bundle 源含拼接标记
  PASS npm run verify 链已纳入本门禁
  SKIP  C 段（#345 彻底移除后 issuePathPoll 分发通道不复存在，端到端断言随之退役；变更检测回归 wf.probe 原生 since 语义）

全部通过
  PASS A. locale 规模正常（约 624 键 × 2 语）
  PASS A. 全部键 zh/en 双语各出现一次
  PASS B. 键在 list.openInTrackerTitle
  PASS B. 键在 detail.viewOnTracker
  PASS B. 键在 detail.viewOnTrackerHint
  PASS B. 键在 detail.authFailCta
  PASS B. 键在 detail.readOnlyHint
  PASS B. 键在 switch.gateOtherErr
  PASS B. 键在 switch.pleaseSelectTracker
  PASS B. 键在 switch.gateIntro
  PASS B. 键在 panel.loadingShort
  PASS B. 键在 setup.github.trackerLine
  PASS B. 键在 setup.github.labelReqs
  PASS B. 键在 setup.markdown.trackerLine
  PASS B. 键在 setup.markdown.labelReqs
  PASS B. 键在 setup.gitlab.trackerLine
  PASS B. 键在 setup.gitlab.labelReqs
  PASS B. 键在 setup.default.trackerLine
  PASS B. 键在 setup.default.labelReqs
  PASS B. 键在 panel.labelsStepTitle
  PASS B. 键在 panel.labelsStepDesc
  PASS B. 键在 check.selection.pass
  PASS B. 键在 check.tracker.initialized.pass
  PASS B. 键在 env.diagTitle
  PASS B. 键在 env.actRun
  PASS B. 键在 env.chainDone
  PASS B. 键在 type.issue
  PASS B. 键在 setup.layoutQuestion
  PASS B. 键在 setup.layoutSingle
  PASS B. 键在 setup.layoutMulti
  PASS B. 键在 setup.layout.single
  PASS B. 键在 setup.layout.multi
  PASS B. 已删的 setup.markdown.paletteNote 键没有复活（#619）
  PASS E. 收集到类型值 issue / map / grilling / prototype / research / task
  PASS E. 有词条 type.issue
  PASS E. 有词条 type.map
  PASS E. 有词条 type.grilling
  PASS E. 有词条 type.prototype
  PASS E. 有词条 type.research
  PASS E. 有词条 type.task
  PASS C. 干净 floating/Pop.js
  PASS C. 干净 floating/SkillFloatList.js
  PASS C. 干净 hostShim.js
  PASS C. 基线内 index.js 5<=25
  PASS C. 基线内 kernel/actions.js 1<=1
  PASS C. 干净 kernel/api-io.js
  PASS C. 干净 kernel/api-naming.js
  PASS C. 干净 kernel/api-new-session.js
  PASS C. 干净 kernel/api-preset-guard.js
  PASS C. 干净 kernel/api-workspace.js
  PASS C. 干净 kernel/builtin-backends.js
  PASS C. 干净 kernel/config.js
  PASS C. 干净 kernel/ctx.js
  PASS C. 干净 kernel/health-check.js
  PASS C. 基线内 kernel/icons.js 8<=8
  PASS C. 干净 kernel/link.js
  PASS C. 干净 kernel/log.js
  PASS C. 干净 kernel/portal.js
  PASS C. 干净 kernel/probe-auto.js
  PASS C. 干净 kernel/probe-chain.js
  PASS C. 干净 kernel/probe-snapshot.js
  PASS C. 干净 kernel/probe-stale.js
  PASS C. 基线内 kernel/router.js 1<=1
  PASS C. 基线内 kernel/slotRenderer-modal-view.js 36<=36
  PASS C. 基线内 kernel/slotRenderer-queue.js 6<=6
  PASS C. 基线内 kernel/slotRenderer-repo-sync.js 2<=2
  PASS C. 干净 kernel/slots.js
  PASS C. 干净 kernel/store-derived.js
  PASS C. 干净 kernel/store-prefs.js
  PASS C. 基线内 kernel/store-snapshot.js 1<=1
  PASS C. 基线内 kernel/store-switch.js 4<=5
  PASS C. 干净 kernel/styles.js
  PASS C. 干净 kernel/tabsfold.js
  FAIL C. 超基线 panel/Dock.js 22>21
  PASS C. 干净 panel/DockSync.js
  PASS C. 干净 panel/NamingFailBanner.js
  FAIL C. 超基线 panel/OverlayGate.js 2>1
  PASS C. 基线内 panelAssembly.js 1<=1
  PASS C. 干净 statusbar/bannerChain.js
  PASS C. 干净 statusbar/checksums.js
  PASS C. 干净 statusbar/Seg.js
  PASS C. 基线内 statusbar/StatusBackend.js 1<=1
  PASS C. 基线内 statusbar/StatusBar.js 5<=16
  PASS C. 干净 statusbar/StatusLogMenu.js
  PASS C. 干净 statusbar/StatusMenus.js
  PASS C. 基线内 views/ChecksTab.js 0<=0
  PASS C. 基线内 views/IssueDetail.js 13<=13
  PASS C. 基线内 views/IssueDetailComments.js 12<=12
  PASS C. 干净 views/labels/LabelColorDialog.js
  PASS C. 干净 views/labels/LabelColorEntry.js
  PASS C. 干净 views/labels/labelColorErrors.js
  PASS C. 干净 views/labels/labelColorPalette.js
  PASS C. 干净 views/labels/labelColorPatch.js
  PASS C. 干净 views/labels/LabelColorRow.js
  PASS C. 干净 views/labels/useLabelColors.js
  PASS C. 干净 views/ListTab.js
  PASS C. 干净 views/ListTabRow.js
  PASS C. 干净 views/MapDetail.js
  PASS C. 基线内 views/NoRepoCard.js 14<=15
  PASS C. 干净 views/primitives/HoverTip.js
  PASS C. 干净 views/primitives/Tip.js
  PASS C. 干净 views/PrTab.js
  PASS C. 干净 views/RingSkills.js
  PASS C. 干净 views/RunPanel.js
  PASS C. 基线内 views/SettingsPage.js 0<=12
  PASS C. 基线内 views/SettingsWorkspaces.js 0<=0
  PASS C. 基线内 views/shared/BackendSelector.js 10<=10
  PASS C. 基线内 views/shared/ChainRenderer.js 0<=0
  PASS C. 干净 views/shared/chips.js
  PASS C. 干净 views/shared/DebugSwitchFailHint.js
  PASS C. 干净 views/shared/md.js
  PASS C. 干净 views/shared/stateKind.js
  PASS C. 基线内 views/shared/SwitchConfirmModal.js 5<=5
  PASS C. 干净 views/shared/Tabs.js
  PASS C. 干净 views/shared/tagsFit.js
  PASS C. 干净 views/shared/ticket.js
  PASS C. 干净 views/SkillsTab.js
  PASS C. 干净 views/SubworkspaceMark.js
  PASS C. 干净 views/TicketRow.js
  PASS C. 干净 views/UpdateDialog.js
  PASS C. 干净 views/UpdateRestartBanner.js
  PASS C. 干净 views/useUpdatePanel.js
  PASS D. 产物关键键齐备 client.js
  PASS D. 产物关键键齐备 package\lib\client.js

[locale-completeness] FAIL (122 passed)
